Date,Main Pollutant,CO(ppm),SO2(ug/m3),NO2(ug/m3),Ozone(ug/m3),PM10(uq/m3),PM25(ug/m3),Temperature,precipitation,Overall AQI Value
1-Jan-15,PM2.5,7,6,28,35,0,51,0.55,99.06,57
2-Jan-15,NO2,7,6,57,33,22,56,0.55,99.06,107
3-Jan-15,NO2,11,16,107,29,0,69,0.55,99.06,52
4-Jan-15,PM2.5,10,11,43,32,0,52,0.55,99.06,48
5-Jan-15,PM2.5,7,6,42,36,6,48,0.55,99.06,46
6-Jan-15,PM2.5,7,11,19,35,0,46,0.55,99.06,52
7-Jan-15,PM2.5,8,11,42,35,0,52,0.55,99.06,69
8-Jan-15,PM2.5,10,17,56,27,27,69,0.55,99.06,75
9-Jan-15,PM2.5,9,7,48,33,0,75,0.55,99.06,84
10-Jan-15,NO2,15,7,84,25,0,64,0.55,99.06,95
11-Jan-15,PM2.5,23,7,83,32,37,95,0.55,99.06,58
12-Jan-15,NO2,20,4,58,32,0,55,0.55,99.06,44
13-Jan-15,PM2.5,9,1,25,33,0,44,0.55,99.06,43
14-Jan-15,PM2.5,6,6,27,37,6,43,0.55,99.06,64
15-Jan-15,NO2,8,16,64,33,0,58,0.55,99.06,69
16-Jan-15,PM2.5,13,3,47,25,0,69,0.55,99.06,62
17-Jan-15,PM2.5,13,3,47,26,15,62,0.55,99.06,76
18-Jan-15,NO2,8,3,76,31,0,58,0.55,99.06,72
19-Jan-15,PM2.5,11,6,53,33,0,72,0.55,99.06,56
20-Jan-15,PM2.5,13,4,45,39,21,56,0.55,99.06,67
21-Jan-15,PM2.5,10,6,51,40,0,67,0.55,99.06,96
22-Jan-15,PM2.5,16,4,52,31,0,96,0.55,99.06,51
23-Jan-15,PM2.5,10,4,45,36,12,51,0.55,99.06,39
24-Jan-15,PM2.5,5,3,26,33,0,39,0.55,99.06,39
25-Jan-15,NO2,7,3,39,37,0,36,0.55,99.06,54
26-Jan-15,NO2,13,4,54,34,16,53,0.55,99.06,52
27-Jan-15,PM2.5,20,1,39,39,0,52,0.55,99.06,52
28-Jan-15,PM2.5,7,3,34,29,0,52,0.55,99.06,56
29-Jan-15,PM2.5,15,1,41,31,12,56,0.55,99.06,43
30-Jan-15,PM2.5,6,1,39,31,0,43,0.55,99.06,67
31-Jan-15,NO2,8,1,67,32,0,38,0.55,99.06,66
1-Feb-15,NO2,11,4,66,28,25,58,2.77,74.93,45
2-Feb-15,PM2.5,10,3,38,35,0,45,2.77,74.93,41
3-Feb-15,PM2.5,9,3,31,31,0,41,2.77,74.93,50
4-Feb-15,NO2,10,1,50,35,11,48,2.77,74.93,54
5-Feb-15,NO2,10,3,54,39,0,43,2.77,74.93,61
6-Feb-15,NO2,11,4,61,31,0,60,2.77,74.93,74
7-Feb-15,PM2.5,13,6,53,35,17,74,2.77,74.93,53
8-Feb-15,PM2.5,7,3,34,39,0,53,2.77,74.93,75
9-Feb-15,PM2.5,11,3,50,35,0,75,2.77,74.93,84
10-Feb-15,PM2.5,16,3,58,35,26,84,2.77,74.93,59
11-Feb-15,PM2.5,22,3,57,23,0,59,2.77,74.93,42
12-Feb-15,PM2.5,10,3,37,41,0,42,2.77,74.93,54
13-Feb-15,PM2.5,8,3,46,38,14,54,2.77,74.93,60
14-Feb-15,PM2.5,9,3,55,31,0,60,2.77,74.93,84
15-Feb-15,PM2.5,14,3,47,16,0,84,2.77,74.93,52
16-Feb-15,PM2.5,13,3,41,37,6,52,2.77,74.93,51
17-Feb-15,PM2.5,8,4,48,37,0,51,2.77,74.93,53
18-Feb-15,NO2,13,3,53,40,0,48,2.77,74.93,60
19-Feb-15,PM2.5,18,3,49,37,19,60,2.77,74.93,63
20-Feb-15,PM2.5,11,3,43,24,0,63,2.77,74.93,52
21-Feb-15,PM2.5,11,3,41,32,0,52,2.77,74.93,54
22-Feb-15,PM2.5,6,1,34,31,5,54,2.77,74.93,54
23-Feb-15,PM2.5,8,0,45,30,0,54,2.77,74.93,53
24-Feb-15,PM2.5,7,3,27,22,0,53,2.77,74.93,57
25-Feb-15,PM2.5,6,1,38,29,8,57,2.77,74.93,62
26-Feb-15,NO2,11,4,62,38,0,46,2.77,74.93,49
27-Feb-15,NO2,9,6,49,44,0,38,2.77,74.93,56
28-Feb-15,NO2,8,6,56,41,13,53,2.77,74.93,71
1-Mar-15,NO2,11,6,71,42,0,69,6.11,103.124,39
2-Mar-15,Ozone,6,1,24,39,0,26,6.11,103.124,37
3-Mar-15,Ozone,8,1,19,37,6,32,6.11,103.124,41
4-Mar-15,Ozone,7,1,11,41,0,20,6.11,103.124,43
5-Mar-15,PM2.5,9,3,35,37,0,43,6.11,103.124,113
6-Mar-15,PM2.5,13,3,42,42,11,113,6.11,103.124,45
7-Mar-15,PM2.5,9,6,31,39,0,45,6.11,103.124,76
8-Mar-15,NO2,15,1,76,40,0,34,6.11,103.124,40
9-Mar-15,PM2.5,5,1,30,38,13,40,6.11,103.124,42
10-Mar-15,Ozone,8,1,36,42,0,32,6.11,103.124,43
11-Mar-15,Ozone,7,3,39,43,0,33,6.11,103.124,82
12-Mar-15,PM2.5,10,6,42,40,10,82,6.11,103.124,53
13-Mar-15,NO2,7,1,53,41,0,28,6.11,103.124,48
14-Mar-15,PM2.5,8,4,41,39,0,48,6.11,103.124,47
15-Mar-15,Ozone,8,1,39,47,15,44,6.11,103.124,42
16-Mar-15,Ozone,10,1,35,42,0,40,6.11,103.124,45
17-Mar-15,Ozone,8,1,24,45,0,28,6.11,103.124,53
18-Mar-15,NO2,8,4,53,45,0,26,6.11,103.124,65
19-Mar-15,NO2,15,3,65,44,0,54,6.11,103.124,55
20-Mar-15,NO2,9,1,55,40,0,52,6.11,103.124,53
21-Mar-15,PM2.5,11,1,28,41,12,53,6.11,103.124,72
22-Mar-15,NO2,13,3,72,45,0,35,6.11,103.124,77
23-Mar-15,NO2,5,6,77,43,0,28,6.11,103.124,44
24-Mar-15,Ozone,8,4,29,44,6,25,6.11,103.124,41
25-Mar-15,Ozone,8,1,23,41,0,30,6.11,103.124,63
26-Mar-15,PM2.5,11,3,58,45,0,63,6.11,103.124,53
27-Mar-15,NO2,7,4,53,44,22,51,6.11,103.124,66
28-Mar-15,PM2.5,7,3,50,35,0,66,6.11,103.124,77
29-Mar-15,PM2.5,15,1,42,37,0,77,6.11,103.124,67
30-Mar-15,PM2.5,10,4,61,37,19,67,6.11,103.124,44
31-Mar-15,Ozone,5,1,25,44,0,28,6.11,103.124,44
1-Apr-15,Ozone,7,1,25,44,0,32,11.1,100.07,60
2-Apr-15,NO2,7,1,60,44,10,53,11.1,100.07,58
3-Apr-15,PM2.5,9,3,47,42,0,58,11.1,100.07,58
4-Apr-15,PM2.5,16,3,52,43,0,58,11.1,100.07,44
5-Apr-15,Ozone,5,1,43,44,6,26,11.1,100.07,56
6-Apr-15,PM2.5,11,3,53,49,0,56,11.1,100.07,46
7-Apr-15,Ozone,8,1,17,46,0,28,11.1,100.07,43
8-Apr-15,Ozone,5,1,17,43,7,28,11.1,100.07,43
9-Apr-15,Ozone,9,4,41,43,0,35,11.1,100.07,62
10-Apr-15,PM2.5,6,3,42,43,0,62,11.1,100.07,58
11-Apr-15,PM2.5,9,6,57,50,19,58,11.1,100.07,73
12-Apr-15,PM2.5,8,6,55,51,0,73,11.1,100.07,97
13-Apr-15,Ozone,8,3,55,97,0,66,11.1,100.07,97
14-Apr-15,Ozone,7,3,42,97,41,71,11.1,100.07,43
15-Apr-15,Ozone,3,1,14,43,0,42,11.1,100.07,46
16-Apr-15,NO2,5,4,46,43,0,36,11.1,100.07,34
17-Apr-15,Ozone,6,1,22,34,3,24,11.1,100.07,43
18-Apr-15,NO2,5,1,43,37,0,34,11.1,100.07,43
19-Apr-15,Ozone,6,6,40,43,0,39,11.1,100.07,43
20-Apr-15,Ozone,3,3,30,43,6,23,11.1,100.07,50
21-Apr-15,Ozone,7,1,33,50,0,31,11.1,100.07,54
22-Apr-15,Ozone,5,6,44,54,0,33,11.1,100.07,67
23-Apr-15,Ozone,9,4,60,67,0,60,11.1,100.07,67
24-Apr-15,Ozone,9,3,63,67,0,55,11.1,100.07,49
25-Apr-15,Ozone,8,1,48,49,0,48,11.1,100.07,66
26-Apr-15,PM2.5,8,1,45,48,10,66,11.1,100.07,53
27-Apr-15,PM2.5,10,4,51,46,0,53,11.1,100.07,74
28-Apr-15,Ozone,23,1,41,74,0,65,11.1,100.07,42
29-Apr-15,Ozone,31,0,20,42,5,32,11.1,100.07,41
30-Apr-15,Ozone,32,1,37,41,0,33,11.1,100.07,112
1-May-15,Ozone,6,6,78,112,0,53,17.22,113.03,119
2-May-15,Ozone,6,6,62,119,31,63,17.22,113.03,93
3-May-15,Ozone,6,3,60,93,0,61,17.22,113.03,74
4-May-15,Ozone,8,1,48,74,0,60,17.22,113.03,88
5-May-15,PM2.5,6,1,32,61,9,88,17.22,113.03,48
6-May-15,PM2.5,6,11,31,48,0,48,17.22,113.03,51
7-May-15,Ozone,8,0,42,51,0,48,17.22,113.03,71
8-May-15,Ozone,6,1,54,71,19,52,17.22,113.03,90
9-May-15,Ozone,6,6,60,90,0,56,17.22,113.03,49
10-May-15,PM2.5,7,4,47,48,0,49,17.22,113.03,54
11-May-15,Ozone,7,3,48,54,9,40,17.22,113.03,46
12-May-15,Ozone,6,0,31,46,0,39,17.22,113.03,38
13-May-15,Ozone,7,0,24,38,0,35,17.22,113.03,62
14-May-15,PM2.5,36,0,43,41,18,62,17.22,113.03,74
15-May-15,Ozone,6,1,33,74,0,73,17.22,113.03,48
16-May-15,PM2.5,8,0,42,41,0,48,17.22,113.03,56
17-May-15,PM2.5,8,3,47,31,7,56,17.22,113.03,52
18-May-15,PM2.5,9,1,39,42,0,52,17.22,113.03,33
19-May-15,PM2.5,10,1,31,31,0,33,17.22,113.03,45
20-May-15,PM2.5,10,0,29,40,14,45,17.22,113.03,58
21-May-15,Ozone,6,0,40,58,0,43,17.22,113.03,55
22-May-15,PM2.5,8,3,55,36,0,55,17.22,113.03,58
23-May-15,PM2.5,7,1,42,43,0,58,17.22,113.03,93
24-May-15,Ozone,6,3,45,93,0,51,17.22,113.03,108
25-May-15,Ozone,5,1,40,108,0,60,17.22,113.03,115
26-May-15,Ozone,7,1,49,115,27,66,17.22,113.03,52
27-May-15,PM2.5,8,1,42,46,0,52,17.22,113.03,45
28-May-15,PM2.5,7,0,26,31,0,45,17.22,113.03,115
29-May-15,Ozone,8,1,54,115,0,65,17.22,113.03,60
30-May-15,PM2.5,9,0,43,58,0,60,17.22,113.03,57
31-May-15,PM2.5,8,1,33,35,0,57,17.22,113.03,69
1-Jun-15,PM2.5,8,1,42,46,24,69,22.22,88.9,93
2-Jun-15,Ozone,6,1,40,93,15,62,22.22,88.9,40
3-Jun-15,PM2.5,5,3,13,29,0,40,22.22,88.9,43
4-Jun-15,NO2,6,0,43,33,0,38,22.22,88.9,54
5-Jun-15,Ozone,6,1,38,54,0,51,22.22,88.9,53
6-Jun-15,PM2.5,5,1,29,33,0,53,22.22,88.9,54
7-Jun-15,PM2.5,5,1,30,42,17,54,22.22,88.9,74
8-Jun-15,Ozone,6,3,56,74,0,54,22.22,88.9,119
9-Jun-15,Ozone,6,1,34,119,0,55,22.22,88.9,51
10-Jun-15,PM2.5,6,1,38,37,12,51,22.22,88.9,49
11-Jun-15,PM2.5,5,3,36,45,0,49,22.22,88.9,53
12-Jun-15,PM2.5,5,1,35,51,0,53,22.22,88.9,54
13-Jun-15,PM2.5,6,1,48,44,19,54,22.22,88.9,46
14-Jun-15,Ozone,5,1,29,46,0,37,22.22,88.9,47
15-Jun-15,NO2,5,1,47,40,0,44,22.22,88.9,61
16-Jun-15,Ozone,5,1,39,61,11,48,22.22,88.9,115
17-Jun-15,Ozone,6,7,31,115,0,56,22.22,88.9,133
18-Jun-15,Ozone,6,4,35,133,0,71,22.22,88.9,53
19-Jun-15,PM2.5,5,3,27,47,16,53,22.22,88.9,101
20-Jun-15,Ozone,6,1,38,101,0,53,22.22,88.9,101
21-Jun-15,Ozone,6,1,51,101,0,51,22.22,88.9,52
22-Jun-15,PM2.5,6,1,32,45,13,52,22.22,88.9,50
23-Jun-15,PM2.5,7,1,33,31,0,50,22.22,88.9,63
24-Jun-15,PM2.5,7,1,32,46,0,63,22.22,88.9,38
25-Jun-15,PM2.5,3,1,28,38,13,38,22.22,88.9,50
26-Jun-15,Ozone,5,1,29,50,0,33,22.22,88.9,38
27-Jun-15,Ozone,5,1,34,38,0,34,22.22,88.9,58
28-Jun-15,Ozone,6,1,43,58,11,53,22.22,88.9,80
29-Jun-15,Ozone,6,1,40,80,0,59,22.22,88.9,129
30-Jun-15,Ozone,6,3,45,129,0,56,22.22,88.9,59
1-Jul-15,PM2.5,11,4,44,34,11,59,0.55,99.06,60
2-Jul-15,PM2.5,13,17,43,33,0,60,0.55,99.06,43
3-Jul-15,PM2.5,7,1,42,32,0,43,0.55,99.06,46
4-Jul-15,PM2.5,6,3,27,32,7,46,0.55,99.06,49
5-Jul-15,PM2.5,6,3,28,32,0,49,0.55,99.06,53
6-Jul-15,PM2.5,5,3,28,31,0,53,0.55,99.06,53
7-Jul-15,PM2.5,6,3,24,32,16,53,0.55,99.06,54
8-Jul-15,PM2.5,5,3,22,33,0,54,0.55,99.06,62
9-Jul-15,NO2,8,6,62,30,0,52,0.55,99.06,57
10-Jul-15,PM2.5,11,4,57,36,24,57,0.55,99.06,54
11-Jul-15,PM2.5,10,3,42,34,0,54,0.55,99.06,56
12-Jul-15,PM2.5,9,4,41,31,0,56,0.55,99.06,44
13-Jul-15,PM2.5,6,3,25,40,13,44,0.55,99.06,44
14-Jul-15,PM2.5,8,3,42,31,0,44,0.55,99.06,58
15-Jul-15,PM2.5,6,3,38,36,0,58,0.55,99.06,62
16-Jul-15,PM2.5,10,7,47,31,21,62,0.55,99.06,81
17-Jul-15,PM2.5,14,6,45,24,0,81,0.55,99.06,53
18-Jul-15,PM2.5,9,1,44,31,0,53,0.55,99.06,49
19-Jul-15,PM2.5,10,3,36,24,11,49,0.55,99.06,56
20-Jul-15,PM2.5,10,7,37,23,0,56,0.55,99.06,64
21-Jul-15,PM2.5,9,1,31,13,0,64,0.55,99.06,67
22-Jul-15,PM2.5,13,3,35,26,19,67,0.55,99.06,36
23-Jul-15,Ozone,8,0,26,36,0,34,0.55,99.06,36
24-Jul-15,Ozone,3,1,30,36,0,30,0.55,99.06,44
25-Jul-15,NO2,8,3,44,32,10,38,0.55,99.06,63
26-Jul-15,PM2.5,10,6,47,35,0,63,0.55,99.06,38
27-Jul-15,PM2.5,6,1,23,30,0,38,0.55,99.06,36
28-Jul-15,PM2.5,6,1,29,28,0,36,0.55,99.06,52
29-Jul-15,PM2.5,7,3,38,32,0,52,0.55,99.06,42
30-Jul-15,NO2,5,3,42,38,0,41,0.55,99.06,63
31-Jul-15,NO2,11,13,63,31,15,56,0.55,99.06,55
1-Aug-15,NO2,10,4,55,37,18,52,2.77,74.93,45
2-Aug-15,PM2.5,6,4,42,36,0,45,2.77,74.93,45
3-Aug-15,PM2.5,5,3,36,38,8,45,2.77,74.93,85
4-Aug-15,PM2.5,6,1,31,40,0,85,2.77,74.93,61
5-Aug-15,PM2.5,7,3,35,33,0,61,2.77,74.93,89
6-Aug-15,PM2.5,8,3,49,39,22,89,2.77,74.93,85
7-Aug-15,PM2.5,13,9,53,30,0,85,2.77,74.93,63
8-Aug-15,PM2.5,14,6,54,32,0,63,2.77,74.93,38
9-Aug-15,Ozone,5,1,30,38,5,34,2.77,74.93,40
10-Aug-15,NO2,5,1,40,38,0,38,2.77,74.93,62
11-Aug-15,PM2.5,15,6,55,34,0,62,2.77,74.93,57
12-Aug-15,PM2.5,17,3,47,31,16,57,2.77,74.93,58
13-Aug-15,PM2.5,7,3,28,35,0,58,2.77,74.93,78
14-Aug-15,PM2.5,7,6,50,39,0,78,2.77,74.93,63
15-Aug-15,NO2,10,7,63,39,17,62,2.77,74.93,41
16-Aug-15,PM2.5,3,3,21,34,0,41,2.77,74.93,66
17-Aug-15,PM2.5,5,3,47,42,0,66,2.77,74.93,82
18-Aug-15,PM2.5,10,4,56,51,26,82,2.77,74.93,60
19-Aug-15,PM2.5,8,4,56,47,0,60,2.77,74.93,55
20-Aug-15,PM2.5,8,3,25,44,0,55,2.77,74.93,75
21-Aug-15,PM2.5,7,3,51,44,0,75,2.77,74.93,62
22-Aug-15,PM2.5,9,3,55,37,0,62,2.77,74.93,79
23-Aug-15,PM2.5,14,6,60,41,0,79,2.77,74.93,51
24-Aug-15,NO2,13,3,51,44,25,49,2.77,74.93,40
25-Aug-15,Ozone,6,1,34,40,0,32,2.77,74.93,38
26-Aug-15,PM2.5,3,3,24,36,0,38,2.77,74.93,53
27-Aug-15,PM2.5,5,6,46,41,12,53,2.77,74.93,57
28-Aug-15,PM2.5,11,4,53,43,0,57,2.77,74.93,52
29-Aug-15,PM2.5,8,1,42,38,0,52,6.11,103.124,44
30-Aug-15,Ozone,2,1,21,44,19,41,6.11,103.124,55
31-Aug-15,PM2.5,3,1,26,40,0,55,6.11,103.124,54
1-Sep-15,PM2.5,2,3,15,40,0,54,6.11,103.124,48
2-Sep-15,PM2.5,5,3,41,40,5,48,6.11,103.124,60
3-Sep-15,PM2.5,10,4,48,42,0,60,6.11,103.124,66
4-Sep-15,PM2.5,15,3,51,47,0,66,6.11,103.124,54
5-Sep-15,PM2.5,13,1,40,47,13,54,6.11,103.124,52
6-Sep-15,PM2.5,3,1,23,50,0,52,6.11,103.124,41
7-Sep-15,Ozone,5,1,32,41,0,35,6.11,103.124,40
8-Sep-15,Ozone,3,3,12,40,5,30,6.11,103.124,45
9-Sep-15,PM2.5,3,3,15,38,0,45,6.11,103.124,40
10-Sep-15,Ozone,6,14,39,40,0,39,6.11,103.124,75
11-Sep-15,PM2.5,5,3,25,40,6,75,6.11,103.124,42
12-Sep-15,Ozone,5,1,21,42,0,33,6.11,103.124,48
13-Sep-15,Ozone,5,1,34,48,0,41,6.11,103.124,51
14-Sep-15,Ozone,6,3,51,51,13,45,6.11,103.124,78
15-Sep-15,NO2,13,4,78,48,0,73,6.11,103.124,51
16-Sep-15,Ozone,6,3,42,51,0,32,6.11,103.124,67
17-Sep-15,Ozone,7,3,60,67,12,39,6.11,103.124,60
18-Sep-15,NO2,7,4,60,58,21,53,6.11,103.124,45
19-Sep-15,PM2.5,5,3,43,44,0,45,6.11,103.124,50
20-Sep-15,NO2,6,7,50,44,7,39,6.11,103.124,55
21-Sep-15,NO2,7,3,55,48,0,52,6.11,103.124,68
22-Sep-15,PM2.5,10,6,53,37,0,68,6.11,103.124,57
23-Sep-15,PM2.5,7,0,25,41,13,57,6.11,103.124,65
24-Sep-15,PM2.5,10,1,52,37,0,65,6.11,103.124,67
25-Sep-15,PM2.5,11,1,41,37,0,67,6.11,103.124,46
26-Sep-15,Ozone,5,1,36,46,4,24,6.11,103.124,46
27-Sep-15,NO2,7,4,46,44,0,35,6.11,103.124,44
28-Sep-15,Ozone,8,0,42,44,0,27,6.11,103.124,42
29-Sep-15,Ozone,5,1,25,42,6,22,11.1,100.07,45
30-Sep-15,Ozone,5,1,36,45,0,27,11.1,100.07,69
1-Oct-15,NO2,13,9,69,49,0,55,11.1,100.07,56
2-Oct-15,NO2,7,1,56,44,12,55,11.1,100.07,60
3-Oct-15,PM2.5,7,9,42,43,0,60,11.1,100.07,50
4-Oct-15,PM2.5,7,1,45,42,0,50,11.1,100.07,39
5-Oct-15,Ozone,7,3,26,39,5,30,11.1,100.07,45
6-Oct-15,Ozone,5,1,20,45,6,21,11.1,100.07,61
7-Oct-15,Ozone,5,3,47,61,0,32,11.1,100.07,97
8-Oct-15,Ozone,7,6,57,97,16,55,11.1,100.07,122
9-Oct-15,Ozone,7,4,56,122,0,63,11.1,100.07,78
10-Oct-15,NO2,10,6,78,54,0,63,11.1,100.07,48
11-Oct-15,Ozone,5,1,33,48,10,26,11.1,100.07,61
12-Oct-15,Ozone,7,3,43,61,0,41,11.1,100.07,56
13-Oct-15,NO2,6,1,56,51,0,37,11.1,100.07,71
14-Oct-15,Ozone,5,3,26,71,14,57,11.1,100.07,51
15-Oct-15,Ozone,5,3,32,51,0,25,11.1,100.07,54
16-Oct-15,Ozone,5,0,24,54,0,29,11.1,100.07,43
17-Oct-15,Ozone,5,1,43,43,19,35,11.1,100.07,56
18-Oct-15,PM2.5,8,1,39,39,0,56,11.1,100.07,52
19-Oct-15,PM2.5,8,0,32,41,0,52,11.1,100.07,51
20-Oct-15,NO2,6,1,51,34,6,40,11.1,100.07,42
21-Oct-15,Ozone,6,1,31,42,0,21,11.1,100.07,45
22-Oct-15,PM2.5,9,3,37,43,0,45,11.1,100.07,41
23-Oct-15,NO2,6,0,41,39,10,27,11.1,100.07,41
24-Oct-15,NO2,8,1,41,32,0,40,11.1,100.07,52
25-Oct-15,PM2.5,8,1,37,40,0,52,11.1,100.07,90
26-Oct-15,Ozone,7,1,62,90,20,61,11.1,100.07,51
27-Oct-15,Ozone,7,1,45,51,0,45,11.1,100.07,43
28-Oct-15,Ozone,5,0,18,43,0,38,11.1,100.07,55
29-Oct-15,PM2.5,9,1,42,31,27,55,17.22,113.03,49
30-Oct-15,Ozone,6,0,24,49,0,41,17.22,113.03,44
31-Oct-15,Ozone,9,1,23,44,0,20,17.22,113.03,48
1-Nov-15,Ozone,8,3,47,48,13,40,17.22,113.03,42
2-Nov-15,NO2,9,1,42,40,0,33,17.22,113.03,41
3-Nov-15,Ozone,8,0,27,41,0,40,17.22,113.03,36
4-Nov-15,Ozone,7,0,14,36,6,20,17.22,113.03,38
5-Nov-15,Ozone,7,0,35,38,0,31,17.22,113.03,48
6-Nov-15,Ozone,6,0,37,48,0,40,17.22,113.03,54
7-Nov-15,PM2.5,6,7,44,44,17,54,17.22,113.03,55
8-Nov-15,PM2.5,6,3,41,40,0,55,17.22,113.03,43
9-Nov-15,NO2,7,1,43,39,0,35,17.22,113.03,38
10-Nov-15,Ozone,6,0,22,38,5,25,17.22,113.03,45
11-Nov-15,Ozone,3,0,22,45,0,21,17.22,113.03,39
12-Nov-15,Ozone,3,1,24,39,0,23,17.22,113.03,61
13-Nov-15,Ozone,6,3,52,61,0,33,17.22,113.03,136
14-Nov-15,Ozone,6,3,48,136,0,62,17.22,113.03,140
15-Nov-15,Ozone,6,3,40,140,0,67,17.22,113.03,101
16-Nov-15,Ozone,6,3,44,101,33,62,17.22,113.03,38
17-Nov-15,Ozone,6,1,26,38,0,34,17.22,113.03,46
18-Nov-15,Ozone,5,1,25,46,0,30,17.22,113.03,40
19-Nov-15,PM2.5,9,1,34,33,12,40,17.22,113.03,54
20-Nov-15,NO2,7,1,54,46,0,52,17.22,113.03,50
21-Nov-15,NO2,6,1,50,48,0,45,17.22,113.03,42
22-Nov-15,PM2.5,8,1,39,40,8,42,17.22,113.03,40
23-Nov-15,Ozone,5,0,25,40,9,22,17.22,113.03,40
24-Nov-15,Ozone,6,0,34,40,0,28,17.22,113.03,44
25-Nov-15,PM2.5,6,0,33,44,11,44,17.22,113.03,33
26-Nov-15,Ozone,5,1,22,33,0,22,17.22,113.03,31
27-Nov-15,PM2.5,5,1,29,31,0,31,17.22,113.03,58
28-Nov-15,Ozone,7,1,45,58,17,45,17.22,113.03,71
29-Nov-15,Ozone,6,1,40,71,0,52,22.22,88.9,50
30-Nov-15,PM2.5,5,3,41,48,14,50,22.22,88.9,52
1-Dec-15,PM2.5,3,1,34,41,9,52,22.22,88.9,44
2-Dec-15,Ozone,6,1,35,44,0,43,22.22,88.9,65
3-Dec-15,PM2.5,9,1,42,38,0,65,22.22,88.9,40
4-Dec-15,PM2.5,8,1,30,27,7,40,22.22,88.9,47
5-Dec-15,NO2,7,1,47,41,0,35,22.22,88.9,71
6-Dec-15,PM2.5,8,1,41,43,0,71,22.22,88.9,58
7-Dec-15,Ozone,5,3,35,58,12,55,22.22,88.9,112
8-Dec-15,Ozone,5,3,35,112,0,60,22.22,88.9,108
9-Dec-15,Ozone,5,3,27,108,0,73,22.22,88.9,159
10-Dec-15,Ozone,6,4,37,159,32,72,22.22,88.9,156
11-Dec-15,Ozone,6,3,38,156,24,71,22.22,88.9,70
12-Dec-15,PM2.5,6,1,38,61,0,70,22.22,88.9,47
13-Dec-15,Ozone,6,1,37,47,17,46,22.22,88.9,52
14-Dec-15,PM2.5,10,1,32,28,0,52,22.22,88.9,52
15-Dec-15,PM2.5,7,1,28,32,0,52,22.22,88.9,53
16-Dec-15,PM2.5,7,1,20,40,22,53,22.22,88.9,50
17-Dec-15,PM2.5,7,3,26,35,0,50,22.22,88.9,74
18-Dec-15,Ozone,3,3,40,74,0,69,22.22,88.9,97
19-Dec-15,Ozone,5,3,29,97,13,60,22.22,88.9,126
20-Dec-15,Ozone,6,3,57,126,0,64,22.22,88.9,62
21-Dec-15,PM2.5,7,3,34,46,0,62,22.22,88.9,44
22-Dec-15,Ozone,6,3,26,44,16,35,22.22,88.9,54
23-Dec-15,Ozone,5,3,31,54,0,33,22.22,88.9,67
24-Dec-15,Ozone,5,1,37,67,0,45,22.22,88.9,64
25-Dec-15,Ozone,5,3,40,64,8,55,22.22,88.9,53
26-Dec-15,PM2.5,3,1,25,43,0,53,22.22,88.9,93
27-Dec-15,Ozone,5,1,36,93,0,48,22.22,88.9,129
28-Dec-15,Ozone,5,3,27,129,31,61,22.22,88.9,46
29-Dec-15,PM2.5,5,6,25,34,0,46,25.55,114.3,77
30-Dec-15,Ozone,5,3,26,77,0,52,25.55,114.3,97
31-Dec-15,Ozone,7,3,66,97,14,56,25.55,114.3,81
1-Jan-16,PM2.5,7,4,47,80,0,81,25.55,114.3,77
2-Jan-16,PM2.5,6,6,42,51,0,77,25.55,114.3,52
3-Jan-16,PM2.5,5,3,24,36,18,52,25.55,114.3,44
4-Jan-16,Ozone,6,1,43,44,0,38,25.55,114.3,80
5-Jan-16,Ozone,6,3,32,80,0,59,25.55,114.3,48
6-Jan-16,PM2.5,5,3,34,48,8,48,25.55,114.3,61
7-Jan-16,Ozone,6,3,38,61,0,56,25.55,114.3,97
8-Jan-16,Ozone,6,3,53,97,0,54,25.55,114.3,108
9-Jan-16,Ozone,7,4,42,108,23,65,25.55,114.3,119
10-Jan-16,Ozone,6,4,27,119,0,63,25.55,114.3,38
11-Jan-16,PM2.5,6,3,22,26,0,38,25.55,114.3,67
12-Jan-16,Ozone,6,1,21,67,7,40,25.55,114.3,64
13-Jan-16,Ozone,6,3,29,64,0,32,25.55,114.3,80
14-Jan-16,Ozone,6,3,38,80,0,52,25.55,114.3,80
15-Jan-16,Ozone,5,4,31,80,13,45,25.55,114.3,112
16-Jan-16,Ozone,6,4,49,112,0,57,25.55,114.3,122
17-Jan-16,Ozone,7,10,47,122,0,70,25.55,114.3,80
18-Jan-16,Ozone,6,1,38,80,14,66,25.55,114.3,136
19-Jan-16,Ozone,7,1,24,136,0,58,25.55,114.3,74
20-Jan-16,Ozone,15,0,19,74,0,66,25.55,114.3,38
21-Jan-16,Ozone,18,6,34,38,10,35,25.55,114.3,36
22-Jan-16,PM2.5,6,7,27,31,0,36,25.55,114.3,45
23-Jan-16,Ozone,3,1,25,45,0,35,25.55,114.3,44
24-Jan-16,PM2.5,7,11,40,43,15,44,25.55,114.3,80
25-Jan-16,Ozone,8,3,39,80,0,67,25.55,114.3,52
26-Jan-16,PM2.5,5,1,17,31,0,52,25.55,114.3,45
27-Jan-16,Ozone,5,1,41,45,12,31,25.55,114.3,100
28-Jan-16,Ozone,6,3,45,100,12,64,25.55,114.3,122
29-Jan-16,Ozone,7,3,40,122,0,64,24.44,104.92,74
30-Jan-16,PM2.5,8,3,48,61,21,74,24.44,104.92,108
31-Jan-16,Ozone,9,3,54,108,0,63,24.44,104.92,52
1-Feb-16,PM2.5,7,3,33,49,0,52,24.44,104.92,48
2-Feb-16,Ozone,5,1,22,48,10,27,24.44,104.92,51
3-Feb-16,PM2.5,5,1,25,33,0,51,24.44,104.92,43
4-Feb-16,PM2.5,9,3,42,33,0,43,24.44,104.92,38
5-Feb-16,NO2,5,1,38,37,11,33,24.44,104.92,87
6-Feb-16,Ozone,7,3,37,87,0,68,24.44,104.92,71
7-Feb-16,Ozone,7,3,57,71,0,60,24.44,104.92,71
8-Feb-16,Ozone,5,3,38,71,15,50,24.44,104.92,44
9-Feb-16,Ozone,5,1,32,44,0,34,24.44,104.92,58
10-Feb-16,PM2.5,6,3,31,44,0,58,24.44,104.92,57
11-Feb-16,PM2.5,8,3,40,45,14,57,24.44,104.92,55
12-Feb-16,PM2.5,6,3,53,43,0,55,24.44,104.92,67
13-Feb-16,Ozone,6,3,51,67,0,55,24.44,104.92,61
14-Feb-16,Ozone,8,1,26,61,19,52,24.44,104.92,55
15-Feb-16,PM2.5,7,3,36,35,0,55,24.44,104.92,77
16-Feb-16,Ozone,5,3,22,77,0,36,24.44,104.92,40
17-Feb-16,PM2.5,6,3,28,39,10,40,24.44,104.92,64
18-Feb-16,Ozone,6,4,38,64,0,59,24.44,104.92,90
19-Feb-16,Ozone,6,4,33,90,0,69,24.44,104.92,47
20-Feb-16,PM2.5,5,4,29,42,12,47,24.44,104.92,46
21-Feb-16,PM2.5,7,3,37,43,0,46,24.44,104.92,40
22-Feb-16,PM2.5,5,1,29,36,0,40,24.44,104.92,52
23-Feb-16,PM2.5,7,1,38,48,15,52,24.44,104.92,54
24-Feb-16,PM2.5,9,1,30,44,0,54,24.44,104.92,53
25-Feb-16,PM2.5,6,1,30,38,0,53,24.44,104.92,30
26-Feb-16,PM2.5,6,1,25,28,12,30,24.44,104.92,51
27-Feb-16,PM2.5,5,0,23,41,0,51,24.44,104.92,51
28-Feb-16,PM2.5,6,3,31,48,0,51,24.44,104.92,36
29-Feb-16,PM2.5,5,1,22,34,6,36,20.55,101.09,36
1-Mar-16,PM2.5,7,7,23,35,0,36,20.55,101.09,34
2-Mar-16,Ozone,5,1,20,34,0,21,20.55,101.09,53
3-Mar-16,PM2.5,6,1,17,47,18,53,20.55,101.09,61
4-Mar-16,PM2.5,7,1,28,61,0,61,20.55,101.09,71
5-Mar-16,PM2.5,7,1,42,37,0,71,20.55,101.09,56
6-Mar-16,PM2.5,6,1,28,45,10,56,20.55,101.09,35
7-Mar-16,Ozone,5,1,24,35,0,28,20.55,101.09,29
8-Mar-16,NO2,5,1,29,24,0,27,20.55,101.09,36
9-Mar-16,PM2.5,6,1,25,31,10,36,20.55,101.09,40
10-Mar-16,NO2,8,6,40,34,0,33,20.55,101.09,41
11-Mar-16,NO2,8,1,41,39,0,40,20.55,101.09,51
12-Mar-16,PM2.5,7,7,43,49,14,51,20.55,101.09,54
13-Mar-16,PM2.5,6,3,32,42,0,54,20.55,101.09,56
14-Mar-16,PM2.5,8,3,53,46,0,56,20.55,101.09,71
15-Mar-16,PM2.5,9,3,38,58,26,71,20.55,101.09,84
16-Mar-16,Ozone,6,1,29,84,0,79,20.55,101.09,41
17-Mar-16,PM2.5,6,1,31,38,0,41,20.55,101.09,53
18-Mar-16,PM2.5,5,1,16,23,22,53,20.55,101.09,29
19-Mar-16,Ozone,3,0,20,29,0,28,20.55,101.09,49
20-Mar-16,PM2.5,5,1,23,36,0,49,20.55,101.09,41
21-Mar-16,PM2.5,5,0,22,41,18,41,20.55,101.09,44
22-Mar-16,Ozone,8,1,43,44,0,43,20.55,101.09,126
23-Mar-16,Ozone,8,3,53,126,0,56,20.55,101.09,97
24-Mar-16,Ozone,10,4,54,97,23,65,20.55,101.09,71
25-Mar-16,Ozone,7,3,29,71,0,43,20.55,101.09,50
26-Mar-16,PM2.5,7,3,27,33,0,50,20.55,101.09,70
27-Mar-16,PM2.5,6,3,23,35,20,70,20.55,101.09,39
28-Mar-16,NO2,9,1,39,36,0,31,20.55,101.09,39
29-Mar-16,PM2.5,10,1,34,32,0,39,20.55,101.09,39
30-Mar-16,NO2,9,4,39,35,6,31,20.55,101.09,52
31-Mar-16,NO2,9,1,52,42,0,47,14.44,86.1,61
1-Apr-16,PM2.5,10,13,42,36,0,61,14.44,86.1,48
2-Apr-16,PM2.5,7,1,37,47,29,48,14.44,86.1,52
3-Apr-16,PM2.5,7,3,35,50,0,52,14.44,86.1,77
4-Apr-16,NO2,8,3,77,44,0,56,14.44,86.1,59
5-Apr-16,PM2.5,9,3,47,43,20,59,14.44,86.1,29
6-Apr-16,PM2.5,6,1,25,28,0,29,14.44,86.1,35
7-Apr-16,PM2.5,6,3,29,25,0,35,14.44,86.1,40
8-Apr-16,PM2.5,8,1,40,36,10,40,14.44,86.1,48
9-Apr-16,PM2.5,8,3,40,34,0,48,14.44,86.1,38
10-Apr-16,PM2.5,6,1,31,31,0,38,14.44,86.1,51
11-Apr-16,PM2.5,8,1,36,31,18,51,14.44,86.1,33
12-Apr-16,Ozone,6,1,32,33,0,32,14.44,86.1,34
13-Apr-16,PM2.5,6,1,26,31,0,34,14.44,86.1,39
14-Apr-16,PM2.5,5,1,20,26,8,39,14.44,86.1,35
15-Apr-16,NO2,7,4,35,27,0,29,14.44,86.1,50
16-Apr-16,NO2,8,3,50,43,0,46,14.44,86.1,57
17-Apr-16,PM2.5,8,1,45,48,16,57,14.44,86.1,75
18-Apr-16,PM2.5,6,1,43,42,0,75,14.44,86.1,58
19-Apr-16,PM2.5,10,3,49,43,0,58,14.44,86.1,73
20-Apr-16,NO2,14,11,73,48,24,64,14.44,86.1,39
21-Apr-16,NO2,6,1,39,35,0,33,14.44,86.1,39
22-Apr-16,PM2.5,6,0,21,33,0,39,14.44,86.1,45
23-Apr-16,PM2.5,7,3,44,32,10,45,14.44,86.1,56
24-Apr-16,PM2.5,5,1,39,31,0,56,14.44,86.1,48
25-Apr-16,PM2.5,7,3,43,37,0,48,14.44,86.1,44
26-Apr-16,PM2.5,10,3,39,44,19,44,14.44,86.1,40
27-Apr-16,Ozone,6,0,21,40,0,23,14.44,86.1,36
28-Apr-16,PM2.5,5,1,26,30,0,36,14.44,86.1,40
29-Apr-16,NO2,5,4,40,29,12,38,14.44,86.1,58
30-Apr-16,PM2.5,13,6,42,35,0,58,14.44,86.1,48
1-May-16,PM2.5,9,1,39,35,0,48,8.88,97.02,52
2-May-16,PM2.5,6,1,34,33,14,52,8.88,97.02,42
3-May-16,NO2,7,1,42,29,0,29,8.88,97.02,40
4-May-16,PM2.5,8,0,27,28,0,40,8.88,97.02,41
5-May-16,PM2.5,6,1,25,30,13,41,8.88,97.02,39
6-May-16,PM2.5,5,1,29,22,0,39,8.88,97.02,41
7-May-16,NO2,7,1,41,25,0,39,8.88,97.02,48
8-May-16,PM2.5,9,4,38,32,14,48,8.88,97.02,36
9-May-16,Ozone,7,3,24,36,0,27,8.88,97.02,65
10-May-16,NO2,8,4,65,33,0,51,8.88,97.02,68
11-May-16,PM2.5,14,7,46,32,18,68,8.88,97.02,80
12-May-16,PM2.5,11,3,42,23,0,80,8.88,97.02,62
13-May-16,PM2.5,8,4,34,28,0,62,8.88,97.02,91
14-May-16,NO2,8,4,91,35,14,62,8.88,97.02,39
15-May-16,NO2,6,3,39,33,0,28,8.88,97.02,35
16-May-16,Ozone,5,3,35,35,0,25,8.88,97.02,52
17-May-16,PM2.5,11,4,51,36,15,52,8.88,97.02,36
18-May-16,Ozone,7,3,23,36,0,33,8.88,97.02,33
19-May-16,PM2.5,5,4,29,33,0,33,8.88,97.02,55
20-May-16,PM2.5,10,7,45,34,18,55,8.88,97.02,65
21-May-16,NO2,18,11,65,29,0,57,8.88,97.02,39
22-May-16,PM2.5,6,1,32,32,0,39,8.88,97.02,63
23-May-16,PM2.5,9,7,40,29,14,63,8.88,97.02,66
24-May-16,PM2.5,10,3,42,34,0,66,8.88,97.02,31
25-May-16,PM2.5,9,1,30,31,0,31,8.88,97.02,44
26-May-16,PM2.5,5,3,38,32,12,44,8.88,97.02,52
27-May-16,PM2.5,8,3,44,36,0,52,8.88,97.02,43
28-May-16,PM2.5,7,3,37,34,0,43,8.88,97.02,68
29-May-16,PM2.5,9,6,46,28,20,68,8.88,97.02,49
30-May-16,PM2.5,8,4,37,27,0,49,8.88,97.02,62
31-May-16,PM2.5,15,4,50,24,0,62,8.88,97.02,97
1-Jun-16,PM2.5,13,17,39,21,25,97,3.33,90.93,101
2-Jun-16,PM2.5,20,9,69,31,0,101,3.33,90.93,50
3-Jun-16,PM2.5,6,1,43,35,0,50,3.33,90.93,55
4-Jun-16,PM2.5,3,1,32,31,6,55,3.33,90.93,52
5-Jun-16,PM2.5,7,3,37,32,0,52,3.33,90.93,48
6-Jun-16,PM2.5,6,3,32,25,0,48,3.33,90.93,54
7-Jun-16,PM2.5,6,3,30,25,16,54,3.33,90.93,58
8-Jun-16,PM2.5,5,3,31,25,0,58,3.33,90.93,58
9-Jun-16,PM2.5,8,3,55,26,0,58,3.33,90.93,53
10-Jun-16,PM2.5,8,1,39,32,15,53,3.33,90.93,36
11-Jun-16,PM2.5,5,3,27,33,0,36,3.33,90.93,48
12-Jun-16,PM2.5,7,3,45,35,0,48,3.33,90.93,91
13-Jun-16,NO2,11,6,91,31,19,53,3.33,90.93,80
14-Jun-16,PM2.5,6,6,31,31,0,80,3.33,90.93,57
15-Jun-16,PM2.5,9,3,41,32,0,57,3.33,90.93,74
16-Jun-16,PM2.5,10,4,66,23,29,74,3.33,90.93,69
17-Jun-16,PM2.5,7,4,54,29,0,69,3.33,90.93,41
18-Jun-16,PM2.5,7,3,34,34,0,41,3.33,90.93,67
19-Jun-16,NO2,6,1,67,29,13,44,3.33,90.93,76
20-Jun-16,NO2,16,4,76,23,0,66,3.33,90.93,68
21-Jun-16,PM2.5,18,4,40,25,0,68,3.33,90.93,35
22-Jun-16,PM2.5,10,3,20,32,6,35,3.33,90.93,44
23-Jun-16,PM2.5,8,1,21,32,0,44,3.33,90.93,44
24-Jun-16,PM2.5,7,3,35,34,0,44,3.33,90.93,53
25-Jun-16,PM2.5,7,4,31,36,13,53,3.33,90.93,60
26-Jun-16,NO2,6,9,60,36,0,41,3.33,90.93,50
27-Jun-16,PM2.5,6,10,34,34,0,50,3.33,90.93,64
28-Jun-16,PM2.5,8,10,42,28,17,64,3.33,90.93,45
29-Jun-16,PM2.5,7,9,23,36,0,45,3.33,90.93,50
30-Jun-16,PM2.5,6,1,23,32,3,50,0.55,99.06,63
1-Jul-16,PM2.5,7,3,29,31,0,63,0.55,99.06,73
2-Jul-16,PM2.5,9,4,32,29,0,73,0.55,99.06,48
3-Jul-16,PM2.5,8,4,23,30,4,48,0.55,99.06,59
4-Jul-16,PM2.5,10,9,48,31,0,59,0.55,99.06,68
5-Jul-16,PM2.5,17,14,60,30,0,68,0.55,99.06,96
6-Jul-16,PM2.5,19,17,68,21,51,96,0.55,99.06,77
7-Jul-16,PM2.5,19,10,48,31,0,77,0.55,99.06,63
8-Jul-16,PM2.5,11,3,34,31,0,63,0.55,99.06,39
9-Jul-16,PM2.5,10,1,26,33,11,39,0.55,99.06,45
10-Jul-16,PM2.5,8,3,37,33,0,45,0.55,99.06,55
11-Jul-16,PM2.5,13,4,48,31,0,55,0.55,99.06,48
12-Jul-16,PM2.5,8,4,31,36,12,48,0.55,99.06,61
13-Jul-16,PM2.5,10,7,44,26,0,61,0.55,99.06,105
14-Jul-16,PM2.5,19,10,64,28,0,105,0.55,99.06,52
15-Jul-16,PM2.5,14,3,50,31,6,52,0.55,99.06,42
16-Jul-16,PM2.5,6,3,27,34,0,42,0.55,99.06,51
17-Jul-16,PM2.5,6,3,29,32,0,51,0.55,99.06,41
18-Jul-16,PM2.5,5,4,30,35,16,41,0.55,99.06,42
19-Jul-16,PM2.5,6,4,40,35,0,42,0.55,99.06,48
20-Jul-16,PM2.5,6,6,38,37,0,48,0.55,99.06,53
21-Jul-16,PM2.5,8,4,43,39,6,53,0.55,99.06,47
22-Jul-16,PM2.5,7,4,25,36,0,47,0.55,99.06,52
23-Jul-16,PM2.5,10,4,46,36,0,52,0.55,99.06,83
24-Jul-16,NO2,16,7,83,35,21,64,0.55,99.06,89
25-Jul-16,PM2.5,16,4,66,35,0,89,0.55,99.06,55
26-Jul-16,PM2.5,7,4,46,29,0,55,0.55,99.06,95
27-Jul-16,NO2,26,7,95,31,24,62,0.55,99.06,71
28-Jul-16,NO2,13,7,71,28,0,63,0.55,99.06,68
29-Jul-16,PM2.5,9,4,36,32,0,68,0.55,99.06,74
30-Jul-16,PM2.5,15,4,48,40,19,74,0.55,99.06,69
31-Jul-16,PM2.5,15,10,50,38,0,69,2.77,74.93,60
1-Aug-16,NO2,13,7,60,38,0,45,2.77,74.93,54
2-Aug-16,PM2.5,13,4,48,37,15,54,2.77,74.93,47
3-Aug-16,PM2.5,10,3,37,31,0,47,2.77,74.93,51
4-Aug-16,NO2,6,3,51,36,0,36,2.77,74.93,66
5-Aug-16,PM2.5,11,6,39,32,14,66,2.77,74.93,70
6-Aug-16,PM2.5,11,9,44,36,0,70,2.77,74.93,42
7-Aug-16,PM2.5,9,3,38,39,0,42,2.77,74.93,67
8-Aug-16,PM2.5,10,3,44,34,16,67,2.77,74.93,63
9-Aug-16,PM2.5,11,4,42,33,0,63,2.77,74.93,38
10-Aug-16,PM2.5,7,4,25,37,0,38,2.77,74.93,50
11-Aug-16,PM2.5,10,4,32,37,15,50,2.77,74.93,54
12-Aug-16,PM2.5,8,6,24,37,0,54,2.77,74.93,53
13-Aug-16,PM2.5,7,10,26,31,0,53,2.77,74.93,69
14-Aug-16,PM2.5,14,20,50,38,19,69,2.77,74.93,57
15-Aug-16,PM2.5,14,3,55,41,0,57,2.77,74.93,45
16-Aug-16,PM2.5,5,3,31,31,0,45,2.77,74.93,39
17-Aug-16,PM2.5,5,3,29,36,10,39,2.77,74.93,44
18-Aug-16,PM2.5,10,3,43,36,0,44,2.77,74.93,59
19-Aug-16,PM2.5,8,3,31,40,0,59,2.77,74.93,53
20-Aug-16,PM2.5,9,10,42,35,9,53,2.77,74.93,39
21-Aug-16,NO2,9,6,39,36,0,33,2.77,74.93,55
22-Aug-16,PM2.5,9,6,42,34,0,55,2.77,74.93,61
23-Aug-16,PM2.5,11,6,53,32,10,61,2.77,74.93,42
24-Aug-16,PM2.5,9,1,33,33,0,42,2.77,74.93,39
25-Aug-16,Ozone,7,3,23,39,0,32,2.77,74.93,95
26-Aug-16,PM2.5,7,3,33,37,6,95,2.77,74.93,62
27-Aug-16,PM2.5,7,3,40,54,0,62,2.77,74.93,53
28-Aug-16,PM2.5,10,6,48,36,0,53,2.77,74.93,47
29-Aug-16,PM2.5,8,4,32,44,15,47,6.11,103.12,54
30-Aug-16,PM2.5,6,4,25,42,0,54,6.11,103.12,37
31-Aug-16,Ozone,7,6,29,37,0,34,6.11,103.12,59
1-Sep-16,PM2.5,7,4,42,35,11,59,6.11,103.12,40
2-Sep-16,PM2.5,8,6,40,38,0,40,6.11,103.12,48
3-Sep-16,NO2,9,4,48,40,0,47,6.11,103.12,78
4-Sep-16,PM2.5,9,7,44,44,28,78,6.11,103.12,85
5-Sep-16,PM2.5,13,10,72,49,0,85,6.11,103.12,110
6-Sep-16,PM2.5,13,14,88,80,0,110,6.11,103.12,74
7-Sep-16,Ozone,8,36,67,74,22,70,6.11,103.12,41
8-Sep-16,Ozone,7,1,41,41,0,27,6.11,103.12,41
9-Sep-16,NO2,6,3,41,40,0,29,6.11,103.12,58
10-Sep-16,PM2.5,6,6,35,42,11,58,6.11,103.12,40
11-Sep-16,Ozone,8,3,38,40,0,30,6.11,103.12,43
12-Sep-16,NO2,8,1,43,39,0,42,6.11,103.12,57
13-Sep-16,NO2,16,6,57,38,18,54,6.11,103.12,41
14-Sep-16,Ozone,6,4,41,41,0,36,6.11,103.12,41
15-Sep-16,Ozone,6,3,39,41,0,38,6.11,103.12,41
16-Sep-16,Ozone,6,1,31,41,5,24,6.11,103.12,40
17-Sep-16,Ozone,7,1,25,40,0,28,6.11,103.12,51
18-Sep-16,Ozone,7,3,42,51,0,31,6.11,103.12,44
19-Sep-16,Ozone,3,3,35,44,9,41,6.11,103.12,63
20-Sep-16,NO2,8,4,63,58,0,62,6.11,103.12,60
21-Sep-16,PM2.5,8,1,42,50,0,60,6.11,103.12,68
22-Sep-16,PM2.5,10,3,50,42,25,68,6.11,103.12,40
23-Sep-16,Ozone,6,1,22,40,0,29,6.11,103.12,51
24-Sep-16,Ozone,7,1,25,51,0,40,6.11,103.12,48
25-Sep-16,PM2.5,9,1,42,42,6,48,6.11,103.12,61
26-Sep-16,Ozone,3,1,19,61,0,24,6.11,103.12,53
27-Sep-16,NO2,6,4,53,46,0,33,6.11,103.12,61
28-Sep-16,Ozone,5,1,49,61,19,49,6.11,103.12,48
29-Sep-16,PM2.5,6,1,43,45,0,48,11.1,100.107,39
30-Sep-16,Ozone,5,3,26,39,0,26,11.1,100.107,41
1-Oct-16,Ozone,5,1,19,41,4,25,11.1,100.107,53
2-Oct-16,NO2,11,1,53,37,0,50,11.1,100.107,43
3-Oct-16,Ozone,3,3,25,43,0,32,11.1,100.107,51
4-Oct-16,NO2,6,3,51,47,15,40,11.1,100.107,44
5-Oct-16,PM2.5,6,1,43,44,0,44,11.1,100.107,45
6-Oct-16,NO2,6,1,45,41,0,35,11.1,100.107,46
7-Oct-16,NO2,8,4,46,43,6,41,11.1,100.107,42
8-Oct-16,Ozone,5,1,27,42,0,35,11.1,100.107,55
9-Oct-16,PM2.5,6,1,48,48,0,55,11.1,100.107,47
10-Oct-16,Ozone,5,3,43,47,10,37,11.1,100.107,45
11-Oct-16,NO2,6,4,45,43,0,35,11.1,100.107,47
12-Oct-16,Ozone,6,3,45,47,0,44,11.1,100.107,50
13-Oct-16,PM2.5,8,6,46,46,31,50,11.1,100.107,48
14-Oct-16,PM2.5,6,13,41,48,0,48,11.1,100.107,61
15-Oct-16,Ozone,7,10,56,61,0,59,11.1,100.107,84
16-Oct-16,Ozone,9,6,51,84,25,65,11.1,100.107,58
17-Oct-16,NO2,5,3,58,54,0,40,11.1,100.107,50
18-Oct-16,Ozone,6,1,41,50,0,27,11.1,100.107,77
19-Oct-16,Ozone,5,3,53,77,19,52,11.1,100.107,100
20-Oct-16,Ozone,6,3,47,100,0,85,11.1,100.107,43
21-Oct-16,PM2.5,5,1,20,41,0,43,11.1,100.107,49
22-Oct-16,Ozone,6,1,45,49,10,35,11.1,100.107,71
23-Oct-16,Ozone,9,3,50,71,0,55,11.1,100.107,62
24-Oct-16,PM2.5,11,1,47,51,0,62,11.1,100.107,44
25-Oct-16,Ozone,7,3,28,44,11,41,11.1,100.107,46
26-Oct-16,Ozone,7,1,35,46,0,39,11.1,100.107,48
27-Oct-16,Ozone,8,1,42,48,0,43,11.1,100.107,49
28-Oct-16,Ozone,8,1,29,49,14,33,11.1,100.107,43
29-Oct-16,Ozone,9,1,26,43,0,23,17.22,113.03,53
30-Oct-16,PM2.5,9,3,45,34,0,53,17.22,113.03,48
31-Oct-16,PM2.5,10,1,38,30,10,48,17.22,113.03,39
1-Nov-16,PM2.5,7,1,39,31,0,39,17.22,113.03,32
2-Nov-16,Ozone,6,1,25,32,0,23,17.22,113.03,41
3-Nov-16,NO2,9,1,41,29,8,28,17.22,113.03,41
4-Nov-16,PM2.5,9,1,28,31,0,41,17.22,113.03,39
5-Nov-16,Ozone,7,1,37,39,0,35,17.22,113.03,55
6-Nov-16,PM2.5,9,3,34,48,14,55,17.22,113.03,46
7-Nov-16,Ozone,6,1,38,46,0,37,17.22,113.03,55
8-Nov-16,NO2,8,3,55,51,0,48,17.22,113.03,105
9-Nov-16,Ozone,9,3,54,105,31,62,17.22,113.03,85
10-Nov-16,PM2.5,8,1,52,45,0,85,17.22,113.03,50
11-Nov-16,Ozone,7,1,33,50,0,38,17.22,113.03,35
12-Nov-16,Ozone,3,1,10,35,5,24,17.22,113.03,52
13-Nov-16,PM2.5,3,1,25,43,0,52,17.22,113.03,47
14-Nov-16,Ozone,7,4,36,47,0,41,17.22,113.03,44
15-Nov-16,PM2.5,6,1,34,44,15,44,17.22,113.03,53
16-Nov-16,NO2,9,3,53,50,0,52,17.22,113.03,50
17-Nov-16,Ozone,8,3,47,50,0,42,17.22,113.03,45
18-Nov-16,NO2,8,3,45,44,16,38,17.22,113.03,51
19-Nov-16,Ozone,8,1,35,51,0,38,17.22,113.03,64
20-Nov-16,Ozone,8,3,42,64,0,54,17.22,113.03,58
21-Nov-16,Ozone,9,3,48,58,14,48,17.22,113.03,161
22-Nov-16,Ozone,9,7,45,161,0,70,17.22,113.03,156
23-Nov-16,Ozone,8,6,56,156,0,73,17.22,113.03,122
24-Nov-16,Ozone,8,19,66,122,36,74,17.22,113.03,122
25-Nov-16,Ozone,6,4,38,122,0,63,17.22,113.03,93
26-Nov-16,Ozone,7,3,37,93,0,53,17.22,113.03,43
27-Nov-16,Ozone,6,3,21,43,9,33,17.22,113.03,84
28-Nov-16,Ozone,8,3,46,84,0,46,17.22,113.03,112
29-Nov-16,Ozone,7,3,42,112,0,58,22.22,88.9,80
30-Nov-16,Ozone,7,3,32,80,19,55,22.22,88.9,55
1-Dec-16,PM2.5,8,3,36,32,0,55,22.22,88.9,77
2-Dec-16,Ozone,7,3,28,77,0,54,22.22,88.9,36
3-Dec-16,Ozone,8,3,23,36,10,30,22.22,88.9,77
4-Dec-16,Ozone,7,3,20,77,0,39,22.22,88.9,115
5-Dec-16,Ozone,7,4,28,115,0,45,22.22,88.9,30
6-Dec-16,Ozone,6,3,24,30,6,28,22.22,88.9,43
7-Dec-16,Ozone,5,3,27,43,0,23,22.22,88.9,44
8-Dec-16,Ozone,5,1,28,44,0,38,22.22,88.9,108
9-Dec-16,Ozone,6,3,43,108,23,70,22.22,88.9,54
10-Dec-16,PM2.5,8,4,40,50,0,54,22.22,88.9,38
11-Dec-16,PM2.5,5,1,15,34,0,38,22.22,88.9,52
12-Dec-16,PM2.5,5,1,33,49,6,52,22.22,88.9,101
13-Dec-16,Ozone,6,3,37,101,0,55,22.22,88.9,129
14-Dec-16,Ozone,10,3,61,129,0,70,22.22,88.9,67
15-Dec-16,Ozone,10,3,61,67,20,59,22.22,88.9,100
16-Dec-16,Ozone,8,4,39,100,0,43,22.22,88.9,112
17-Dec-16,Ozone,11,3,30,112,0,54,22.22,88.9,129
18-Dec-16,Ozone,8,4,42,129,24,64,22.22,88.9,108
19-Dec-16,Ozone,6,3,39,108,0,52,22.22,88.9,67
20-Dec-16,Ozone,7,4,46,67,0,50,22.22,88.9,100
21-Dec-16,Ozone,9,4,52,100,30,66,22.22,88.9,126
22-Dec-16,Ozone,9,3,49,126,0,64,22.22,88.9,93
23-Dec-16,Ozone,8,3,39,93,0,56,22.22,88.9,126
24-Dec-16,Ozone,7,3,36,126,19,58,22.22,88.9,93
25-Dec-16,Ozone,6,3,42,93,0,55,22.22,88.9,48
26-Dec-16,PM2.5,10,3,29,43,0,48,22.22,88.9,90
27-Dec-16,Ozone,8,3,34,90,14,43,22.22,88.9,58
28-Dec-16,Ozone,6,3,30,58,0,42,22.22,88.9,54
29-Dec-16,Ozone,9,3,41,54,0,52,25.55,114.3,49
30-Dec-16,PM2.5,8,3,31,39,7,49,25.55,114.3,44
31-Dec-16,Ozone,6,3,20,44,0,40,25.55,114.3,64
1-Jan-17,Ozone,6,3,19,64,0,53,25.55,114.3,46
2-Jan-17,Ozone,7,3,31,46,9,35,25.55,114.3,115
3-Jan-17,Ozone,8,4,43,115,0,60,25.55,114.3,90
4-Jan-17,Ozone,8,4,49,90,0,65,25.55,114.3,84
5-Jan-17,Ozone,8,3,42,84,0,63,25.55,114.3,29
6-Jan-17,PM2.5,7,3,22,27,0,29,25.55,114.3,40
7-Jan-17,Ozone,6,3,16,40,0,31,25.55,114.3,42
8-Jan-17,Ozone,6,3,28,42,10,26,25.55,114.3,101
9-Jan-17,Ozone,8,3,33,101,0,46,25.55,114.3,80
10-Jan-17,Ozone,6,3,37,80,0,47,25.55,114.3,58
11-Jan-17,Ozone,9,3,57,58,20,56,25.55,114.3,126
12-Jan-17,Ozone,9,4,46,126,0,60,25.55,114.3,108
13-Jan-17,Ozone,8,3,25,108,0,55,25.55,114.3,101
14-Jan-17,Ozone,6,4,27,101,15,54,25.55,114.3,90
15-Jan-17,Ozone,7,4,35,90,0,58,25.55,114.3,64
16-Jan-17,Ozone,7,4,29,64,0,53,25.55,114.3,47
17-Jan-17,Ozone,6,3,35,47,10,42,25.55,114.3,122
18-Jan-17,Ozone,6,4,29,122,0,55,25.55,114.3,140
19-Jan-17,Ozone,6,4,25,140,0,86,25.55,114.3,71
20-Jan-17,Ozone,6,4,25,71,18,55,25.55,114.3,64
21-Jan-17,Ozone,6,4,24,64,0,51,25.55,114.3,100
22-Jan-17,Ozone,7,4,36,100,0,60,25.55,114.3,58
23-Jan-17,Ozone,6,4,27,58,10,39,25.55,114.3,74
24-Jan-17,Ozone,7,4,35,74,0,51,25.55,114.3,101
25-Jan-17,Ozone,7,4,65,101,0,60,25.55,114.3,119
26-Jan-17,Ozone,9,4,48,119,17,56,25.55,114.3,84
27-Jan-17,Ozone,13,4,32,84,0,61,25.55,114.3,56
28-Jan-17,PM2.5,11,4,20,40,0,56,25.55,114.3,43
29-Jan-17,PM2.5,26,4,29,38,15,43,24.44,104.92,47
30-Jan-17,PM2.5,28,3,30,29,0,47,24.44,104.92,42
31-Jan-17,PM2.5,38,4,35,42,0,42,24.44,104.92,49
1-Feb-17,Ozone,10,4,30,49,14,42,24.44,104.92,61
2-Feb-17,Ozone,6,4,32,61,0,49,24.44,104.92,47
3-Feb-17,Ozone,6,4,30,47,0,43,24.44,104.92,46
4-Feb-17,PM2.5,6,4,25,43,6,46,24.44,104.92,54
5-Feb-17,PM2.5,7,4,35,49,0,54,24.44,104.92,108
6-Feb-17,Ozone,8,4,52,108,0,52,24.44,104.92,55
7-Feb-17,PM2.5,6,4,32,37,18,55,24.44,104.92,84
8-Feb-17,Ozone,6,6,32,84,0,50,24.44,104.92,71
9-Feb-17,Ozone,6,6,29,71,0,41,24.44,104.92,97
10-Feb-17,Ozone,6,3,24,97,15,58,24.44,104.92,67
11-Feb-17,Ozone,6,4,25,67,0,39,24.44,104.92,64
12-Feb-17,Ozone,6,1,36,64,0,33,24.44,104.92,69
13-Feb-17,PM2.5,6,4,36,61,19,69,24.44,104.92,45
14-Feb-17,Ozone,6,0,18,45,0,38,24.44,104.92,67
15-Feb-17,Ozone,7,1,42,67,0,36,24.44,104.92,87
16-Feb-17,Ozone,9,1,39,87,16,59,24.44,104.92,80
17-Feb-17,Ozone,10,1,40,80,0,52,24.44,104.92,44
18-Feb-17,Ozone,6,1,22,44,0,35,24.44,104.92,51
19-Feb-17,Ozone,5,3,28,51,13,43,24.44,104.92,61
20-Feb-17,Ozone,5,3,39,61,0,33,24.44,104.92,115
21-Feb-17,Ozone,6,6,42,115,0,59,24.44,104.92,77
22-Feb-17,Ozone,7,6,40,77,18,53,24.44,104.92,77
23-Feb-17,Ozone,6,6,32,77,0,52,24.44,104.92,87
24-Feb-17,Ozone,6,3,39,87,0,41,24.44,104.92,80
25-Feb-17,Ozone,7,4,27,80,17,51,24.44,104.92,93
26-Feb-17,Ozone,5,7,22,93,0,40,24.44,104.92,54
27-Feb-17,Ozone,6,4,33,54,0,37,24.44,104.92,90
28-Feb-17,Ozone,7,7,31,90,19,52,24.44,104.92,56
1-Mar-17,PM2.5,9,6,47,44,0,56,20.55,101.09,39
2-Mar-17,Ozone,6,1,27,39,0,28,20.55,101.09,53
3-Mar-17,PM10,7,1,29,32,53,40,20.55,101.09,45
4-Mar-17,PM2.5,7,1,16,37,0,45,20.55,101.09,36
5-Mar-17,PM2.5,6,1,14,33,0,36,20.55,101.09,34
6-Mar-17,Ozone,6,1,16,34,10,30,20.55,101.09,44
7-Mar-17,Ozone,8,1,36,44,0,40,20.55,101.09,100
8-Mar-17,Ozone,9,3,68,100,0,64,20.55,101.09,84
9-Mar-17,Ozone,7,1,36,84,23,59,20.55,101.09,100
10-Mar-17,Ozone,9,1,32,100,0,66,20.55,101.09,54
11-Mar-17,PM2.5,8,1,19,37,0,54,20.55,101.09,40
12-Mar-17,Ozone,7,3,28,40,11,28,20.55,101.09,61
13-Mar-17,Ozone,6,3,34,61,0,36,20.55,101.09,101
14-Mar-17,Ozone,6,1,35,101,0,45,20.55,101.09,38
15-Mar-17,Ozone,6,1,25,38,9,29,20.55,101.09,41
16-Mar-17,Ozone,8,3,37,41,0,35,20.55,101.09,48
17-Mar-17,Ozone,7,1,28,48,0,31,20.55,101.09,41
18-Mar-17,PM2.5,8,4,30,35,14,41,20.55,101.09,35
19-Mar-17,NO2,9,3,35,27,0,31,20.55,101.09,47
20-Mar-17,NO2,9,1,47,40,0,41,20.55,101.09,54
21-Mar-17,PM2.5,9,9,46,47,19,54,20.55,101.09,61
22-Mar-17,Ozone,10,6,46,61,0,48,20.55,101.09,126
23-Mar-17,Ozone,9,3,51,126,0,54,20.55,101.09,36
24-Mar-17,PM2.5,8,3,30,31,0,36,20.55,101.09,35
25-Mar-17,Ozone,6,1,33,35,0,30,20.55,101.09,44
26-Mar-17,Ozone,8,3,36,44,0,37,20.55,101.09,43
27-Mar-17,Ozone,9,1,42,43,12,38,20.55,101.09,51
28-Mar-17,PM2.5,10,7,38,39,0,51,20.55,101.09,31
29-Mar-17,Ozone,8,0,21,31,0,26,20.55,101.09,31
30-Mar-17,Ozone,6,0,28,31,8,29,20.55,101.09,30
31-Mar-17,Ozone,7,0,14,30,0,17,20.55,101.09,33
1-Apr-17,PM2.5,8,0,25,24,0,33,20.55,101.09,57
2-Apr-17,PM2.5,9,1,42,36,16,57,14.44,86.106,58
3-Apr-17,PM2.5,9,0,31,29,0,58,14.44,86.106,42
4-Apr-17,PM2.5,7,3,37,35,0,42,14.44,86.106,62
5-Apr-17,PM2.5,10,1,47,47,26,62,14.44,86.106,58
6-Apr-17,Ozone,14,3,49,58,0,56,14.44,86.106,54
7-Apr-17,PM2.5,11,1,40,31,0,54,14.44,86.106,35
8-Apr-17,PM2.5,10,0,25,31,6,35,14.44,86.106,33
9-Apr-17,Ozone,7,1,30,33,0,26,14.44,86.106,39
10-Apr-17,PM2.5,9,3,32,32,0,39,14.44,86.106,53
11-Apr-17,PM2.5,14,4,48,34,19,53,14.44,86.106,52
12-Apr-17,PM2.5,14,4,42,31,0,52,14.44,86.106,36
13-Apr-17,NO2,10,3,36,30,0,35,14.44,86.106,60
14-Apr-17,PM2.5,11,3,29,39,14,60,14.44,86.106,44
15-Apr-17,PM2.5,9,1,30,40,0,44,14.44,86.106,58
16-Apr-17,PM2.5,10,4,50,45,0,58,14.44,86.106,66
17-Apr-17,PM2.5,8,3,42,47,23,66,14.44,86.106,52
18-Apr-17,PM2.5,6,17,29,44,0,52,14.44,86.106,52
19-Apr-17,PM2.5,10,1,36,42,0,52,14.44,86.106,60
20-Apr-17,PM2.5,11,1,35,31,19,60,14.44,86.106,25
21-Apr-17,Ozone,8,0,10,25,0,18,14.44,86.106,35
22-Apr-17,Ozone,5,0,29,35,0,29,14.44,86.106,40
23-Apr-17,PM2.5,5,1,37,37,8,40,14.44,86.106,32
24-Apr-17,Ozone,3,1,28,32,0,27,14.44,86.106,37
25-Apr-17,NO2,6,3,37,32,0,21,14.44,86.106,40
26-Apr-17,NO2,11,1,40,34,9,36,14.44,86.106,37
27-Apr-17,NO2,9,1,37,34,0,34,14.44,86.106,37
28-Apr-17,PM2.5,8,4,34,36,0,37,14.44,86.106,61
29-Apr-17,PM2.5,8,3,27,45,15,61,14.44,86.106,35
30-Apr-17,NO2,7,3,35,28,0,25,14.44,86.106,43
1-May-17,PM2.5,10,3,36,31,0,43,14.44,86.106,66
2-May-17,PM2.5,8,1,45,30,35,66,14.44,86.106,67
3-May-17,PM2.5,8,3,43,33,0,67,8.88,97.02,34
4-May-17,NO2,6,3,34,31,0,27,8.88,97.02,43
5-May-17,PM2.5,7,4,35,31,9,43,8.88,97.02,33
6-May-17,PM2.5,7,1,23,33,0,33,8.88,97.02,45
7-May-17,NO2,15,4,45,25,0,43,8.88,97.02,67
8-May-17,NO2,23,10,67,33,28,54,8.88,97.02,62
9-May-17,PM2.5,9,7,49,28,0,62,8.88,97.02,31
10-May-17,Ozone,7,3,30,31,0,23,8.88,97.02,40
11-May-17,PM2.5,5,3,31,32,8,40,8.88,97.02,37
12-May-17,NO2,6,1,37,36,0,24,8.88,97.02,49
13-May-17,PM2.5,6,4,40,39,0,49,8.88,97.02,59
14-May-17,PM2.5,10,6,55,44,26,59,8.88,97.02,52
15-May-17,NO2,10,4,52,33,0,50,8.88,97.02,56
16-May-17,PM2.5,6,4,42,39,0,56,8.88,97.02,59
17-May-17,PM2.5,7,3,33,31,13,59,8.88,97.02,71
18-May-17,PM2.5,27,9,65,30,0,71,8.88,97.02,62
19-May-17,PM2.5,28,7,48,34,0,62,8.88,97.02,39
20-May-17,Ozone,6,0,14,39,3,18,8.88,97.02,38
21-May-17,Ozone,5,0,30,38,0,23,8.88,97.02,36
22-May-17,PM2.5,3,4,29,35,0,36,8.88,97.02,37
23-May-17,NO2,7,4,37,33,6,35,8.88,97.02,43
24-May-17,PM2.5,9,4,35,23,0,43,8.88,97.02,77
25-May-17,PM2.5,10,4,37,15,0,77,8.88,97.02,54
26-May-17,PM2.5,10,4,28,23,14,54,8.88,97.02,35
27-May-17,Ozone,6,4,30,35,0,29,8.88,97.02,53
28-May-17,PM2.5,10,4,48,31,0,53,8.88,97.02,43
29-May-17,PM2.5,6,3,43,37,11,43,8.88,97.02,60
30-May-17,PM2.5,15,3,45,27,0,60,8.88,97.02,31
31-May-17,NO2,6,3,31,29,0,27,8.88,97.02,35
1-Jun-17,PM2.5,5,3,23,24,6,35,8.88,97.02,42
2-Jun-17,Ozone,5,4,14,42,0,30,8.88,97.02,40
3-Jun-17,Ozone,7,3,31,40,0,37,3.33,90.932,41
4-Jun-17,PM2.5,8,4,36,27,10,41,3.33,90.932,48
5-Jun-17,PM2.5,11,6,48,29,0,48,3.33,90.932,54
6-Jun-17,PM2.5,8,3,41,28,0,54,3.33,90.932,58
7-Jun-17,PM2.5,8,6,35,26,14,58,3.33,90.932,35
8-Jun-17,PM2.5,3,4,30,34,0,35,3.33,90.932,42
9-Jun-17,PM2.5,5,4,33,33,0,42,3.33,90.932,52
10-Jun-17,PM2.5,7,3,36,26,12,52,3.33,90.932,65
11-Jun-17,PM2.5,10,6,44,27,0,65,3.33,90.932,57
12-Jun-17,PM2.5,9,3,56,27,0,57,3.33,90.932,58
13-Jun-17,PM2.5,8,6,38,32,18,58,3.33,90.932,51
14-Jun-17,PM2.5,6,4,31,34,0,51,3.33,90.932,58
15-Jun-17,PM2.5,8,4,36,31,0,58,3.33,90.932,60
16-Jun-17,PM2.5,11,4,52,23,14,60,3.33,90.932,56
17-Jun-17,PM2.5,11,3,42,33,0,56,3.33,90.932,42
18-Jun-17,PM2.5,7,1,38,36,0,42,3.33,90.932,77
19-Jun-17,PM2.5,10,6,52,31,19,77,3.33,90.932,69
20-Jun-17,PM2.5,10,7,46,28,0,69,3.33,90.932,66
21-Jun-17,PM2.5,9,4,52,31,0,66,3.33,90.932,53
22-Jun-17,PM2.5,8,3,45,35,0,53,3.33,90.932,63
23-Jun-17,PM2.5,8,1,35,32,0,63,3.33,90.932,48
24-Jun-17,PM2.5,6,1,32,32,0,48,3.33,90.932,52
25-Jun-17,PM2.5,14,3,45,34,12,52,3.33,90.932,44
26-Jun-17,PM2.5,13,1,37,31,0,44,3.33,90.932,42
27-Jun-17,PM2.5,6,3,37,27,0,42,3.33,90.932,57
28-Jun-17,NO2,13,6,57,30,0,55,3.33,90.932,58
29-Jun-17,PM2.5,5,3,30,30,0,58,3.33,90.932,42
30-Jun-17,PM2.5,6,4,27,34,0,42,3.33,90.932,63
1-Jul-17,PM2.5,8,7,31,32,0,63,0.55,99.06,66
2-Jul-17,PM2.5,8,7,34,29,0,66,0.55,99.06,56
3-Jul-17,PM2.5,13,4,38,32,11,56,0.55,99.06,55
4-Jul-17,PM2.5,10,4,37,24,0,55,0.55,99.06,45
5-Jul-17,PM2.5,7,3,20,35,0,45,0.55,99.06,64
6-Jul-17,PM2.5,9,7,38,32,11,64,0.55,99.06,60
7-Jul-17,PM2.5,9,9,30,32,0,60,0.55,99.06,54
8-Jul-17,PM2.5,8,11,35,31,0,54,0.55,99.06,56
9-Jul-17,PM2.5,8,14,34,29,13,56,0.55,99.06,60
10-Jul-17,PM2.5,8,11,27,32,0,60,0.55,99.06,60
11-Jul-17,PM2.5,10,13,37,30,0,60,0.55,99.06,68
12-Jul-17,PM2.5,16,7,48,27,18,68,0.55,99.06,56
13-Jul-17,PM2.5,11,6,41,33,0,56,0.55,99.06,79
14-Jul-17,PM2.5,8,9,42,28,0,79,0.55,99.06,65
15-Jul-17,PM2.5,9,10,37,31,18,65,0.55,99.06,64
16-Jul-17,PM2.5,9,11,37,37,0,64,0.55,99.06,47
17-Jul-17,PM2.5,9,7,39,36,0,47,0.55,99.06,78
18-Jul-17,PM2.5,16,10,57,32,16,78,0.55,99.06,72
19-Jul-17,NO2,13,6,72,30,0,47,0.55,99.06,62
20-Jul-17,NO2,6,6,62,34,0,50,0.55,99.06,61
21-Jul-17,PM2.5,13,7,57,36,16,61,0.55,99.06,65
22-Jul-17,PM2.5,10,10,48,30,0,65,0.55,99.06,70
23-Jul-17,PM2.5,10,9,45,34,0,70,0.55,99.06,64
24-Jul-17,PM2.5,10,7,41,26,19,64,0.55,99.06,50
25-Jul-17,PM2.5,6,7,24,37,0,50,0.55,99.06,68
26-Jul-17,PM2.5,7,6,44,35,0,68,0.55,99.06,57
27-Jul-17,PM2.5,7,6,22,37,4,57,0.55,99.06,74
28-Jul-17,NO2,17,9,74,38,0,54,0.55,99.06,55
29-Jul-17,NO2,18,13,55,35,0,52,0.55,99.06,52
30-Jul-17,PM2.5,10,7,46,38,13,52,0.55,99.06,52
31-Jul-17,PM2.5,5,4,31,40,0,52,0.55,99.06,68
1-Aug-17,PM2.5,10,10,42,37,0,68,2.77,74.93,61
2-Aug-17,PM2.5,11,6,41,34,6,61,2.77,74.93,59
3-Aug-17,PM2.5,10,9,52,37,0,59,2.77,74.93,73
4-Aug-17,PM2.5,15,19,73,32,0,73,2.77,74.93,84
5-Aug-17,PM2.5,14,10,53,38,16,84,2.77,74.93,59
6-Aug-17,PM2.5,8,13,46,36,0,59,2.77,74.93,74
7-Aug-17,PM2.5,17,13,55,30,0,74,2.77,74.93,96
8-Aug-17,PM2.5,20,7,61,32,35,96,2.77,74.93,61
9-Aug-17,PM2.5,8,3,44,34,0,61,2.77,74.93,51
10-Aug-17,PM2.5,7,6,30,37,0,51,2.77,74.93,58
11-Aug-17,PM2.5,10,7,49,39,17,58,2.77,74.93,63
12-Aug-17,PM2.5,10,10,46,31,0,63,2.77,74.93,58
13-Aug-17,PM2.5,5,6,42,37,0,58,2.77,74.93,74
14-Aug-17,PM2.5,11,20,48,31,18,74,2.77,74.93,60
15-Aug-17,PM2.5,9,9,29,36,0,60,2.77,74.93,51
16-Aug-17,PM2.5,6,9,38,40,0,51,2.77,74.93,78
17-Aug-17,PM2.5,8,14,55,42,19,78,2.77,74.93,80
18-Aug-17,PM2.5,14,17,67,42,0,80,2.77,74.93,58
19-Aug-17,PM2.5,9,9,48,38,0,58,2.77,74.93,65
20-Aug-17,NO2,7,13,65,37,13,62,2.77,74.93,60
21-Aug-17,PM2.5,9,17,46,35,0,60,2.77,74.93,77
22-Aug-17,PM2.5,14,11,57,39,0,77,2.77,74.93,62
23-Aug-17,PM2.5,13,13,31,38,14,62,2.77,74.93,52
24-Aug-17,PM2.5,9,21,41,33,0,52,2.77,74.93,111
25-Aug-17,NO2,8,21,111,41,0,72,2.77,74.93,66
26-Aug-17,PM2.5,8,7,47,37,11,66,2.77,74.93,60
27-Aug-17,PM2.5,7,10,53,38,0,60,2.77,74.93,53
28-Aug-17,PM2.5,9,9,51,42,0,53,2.77,74.93,68
29-Aug-17,PM2.5,10,16,58,35,20,68,6.11,103.124,88
30-Aug-17,PM2.5,8,9,57,44,0,88,6.11,103.124,53
31-Aug-17,PM2.5,10,7,48,38,0,53,6.11,103.124,86
1-Sep-17,PM2.5,14,7,46,32,21,86,6.11,103.124,53
2-Sep-17,PM2.5,13,6,42,38,0,53,6.11,103.124,55
3-Sep-17,NO2,9,7,55,36,0,47,6.11,103.124,79
4-Sep-17,PM2.5,9,10,54,45,33,79,6.11,103.124,68
5-Sep-17,PM2.5,10,13,66,58,0,68,6.11,103.124,71
6-Sep-17,NO2,11,9,71,49,0,56,6.11,103.124,107
7-Sep-17,NO2,25,14,107,47,32,98,6.11,103.124,68
8-Sep-17,NO2,14,7,68,49,0,56,6.11,103.124,44
9-Sep-17,Ozone,7,4,33,44,0,31,6.11,103.124,51
10-Sep-17,NO2,9,4,51,44,19,46,6.11,103.124,51
11-Sep-17,PM2.5,13,3,47,41,0,51,6.11,103.124,39
12-Sep-17,Ozone,8,3,19,39,0,31,6.11,103.124,76
13-Sep-17,NO2,14,7,76,39,13,59,6.11,103.124,62
14-Sep-17,NO2,13,10,62,39,0,56,6.11,103.124,44
15-Sep-17,Ozone,3,6,40,44,0,33,6.11,103.124,50
16-Sep-17,NO2,6,6,50,47,13,33,6.11,103.124,57
17-Sep-17,PM2.5,10,4,49,47,0,57,6.11,103.124,65
18-Sep-17,PM2.5,9,9,38,41,0,65,6.11,103.124,41
19-Sep-17,Ozone,7,3,15,41,7,39,6.11,103.124,42
20-Sep-17,Ozone,3,4,29,42,0,38,6.11,103.124,52
21-Sep-17,NO2,11,6,52,42,0,41,6.11,103.124,80
22-Sep-17,NO2,15,17,80,38,35,66,6.11,103.124,79
23-Sep-17,PM2.5,15,7,70,37,0,79,6.11,103.124,35
24-Sep-17,Ozone,8,4,32,35,0,27,6.11,103.124,56
25-Sep-17,PM2.5,5,3,24,38,0,56,6.11,103.124,44
26-Sep-17,Ozone,6,4,39,44,0,27,6.11,103.124,42
27-Sep-17,NO2,9,6,42,41,0,36,6.11,103.124,40
28-Sep-17,NO2,7,4,40,38,8,30,6.11,103.124,50
29-Sep-17,NO2,7,6,50,46,0,31,11.1,100.07,65
30-Sep-17,NO2,14,11,65,58,0,53,11.1,100.07,61
1-Oct-17,PM2.5,11,4,44,42,15,61,11.1,100.07,40
2-Oct-17,Ozone,11,1,36,40,0,32,11.1,100.07,47
3-Oct-17,Ozone,7,6,41,47,0,38,11.1,100.07,63
4-Oct-17,PM2.5,13,6,57,50,26,63,11.1,100.07,70
5-Oct-17,NO2,14,6,70,39,0,60,11.1,100.07,42
6-Oct-17,Ozone,7,3,39,42,0,40,11.1,100.07,55
7-Oct-17,PM2.5,9,3,41,42,6,55,11.1,100.07,61
8-Oct-17,PM2.5,13,3,47,39,0,61,11.1,100.07,46
9-Oct-17,Ozone,8,4,26,46,0,27,11.1,100.07,50
10-Oct-17,Ozone,10,6,50,50,11,42,11.1,100.07,63
11-Oct-17,NO2,13,7,63,58,0,53,11.1,100.07,57
12-Oct-17,NO2,14,6,57,44,0,46,11.1,100.07,53
13-Oct-17,NO2,15,6,53,46,8,26,11.1,100.07,49
14-Oct-17,NO2,11,4,49,48,0,32,11.1,100.07,49
15-Oct-17,NO2,11,6,49,44,0,44,11.1,100.07,84
16-Oct-17,Ozone,10,4,47,84,19,46,11.1,100.07,44
17-Oct-17,Ozone,7,3,17,44,0,24,11.1,100.07,48
18-Oct-17,NO2,10,1,48,47,0,38,11.1,100.07,54
19-Oct-17,NO2,9,3,54,44,7,40,11.1,100.07,60
20-Oct-17,NO2,8,7,60,47,0,53,11.1,100.07,36
21-Oct-17,Ozone,6,1,23,36,0,20,11.1,100.07,46
22-Oct-17,Ozone,3,3,24,46,8,23,11.1,100.07,47
23-Oct-17,NO2,5,4,47,42,0,22,11.1,100.07,43
24-Oct-17,Ozone,6,4,26,43,0,20,11.1,100.07,38
25-Oct-17,Ozone,3,4,36,38,1,20,11.1,100.07,46
26-Oct-17,Ozone,3,4,36,46,0,21,11.1,100.07,54
27-Oct-17,Ozone,6,3,45,54,0,39,11.1,100.07,44
28-Oct-17,Ozone,8,4,37,44,15,24,11.1,100.07,40
29-Oct-17,Ozone,11,9,37,40,0,34,17.22,113.03,52
30-Oct-17,PM2.5,9,4,39,46,0,52,17.22,113.03,52
31-Oct-17,NO2,7,13,52,51,18,51,17.22,113.03,100
1-Nov-17,Ozone,10,6,69,100,0,67,17.22,113.03,122
2-Nov-17,Ozone,9,4,77,122,0,70,17.22,113.03,58
3-Nov-17,Ozone,9,4,54,58,27,52,17.22,113.03,87
4-Nov-17,Ozone,9,6,60,87,0,58,17.22,113.03,140
5-Nov-17,Ozone,9,4,57,140,0,67,17.22,113.03,69
6-Nov-17,PM2.5,10,3,43,38,26,69,17.22,113.03,54
7-Nov-17,PM2.5,10,1,29,36,0,54,17.22,113.03,78
8-Nov-17,PM2.5,10,1,27,45,0,78,17.22,113.03,77
9-Nov-17,Ozone,8,3,35,77,37,71,17.22,113.03,35
10-Nov-17,Ozone,5,1,20,35,0,29,17.22,113.03,64
11-Nov-17,Ozone,5,3,36,64,0,36,17.22,113.03,84
12-Nov-17,Ozone,6,4,42,84,24,57,17.22,113.03,58
13-Nov-17,Ozone,9,3,45,58,0,56,17.22,113.03,108
14-Nov-17,Ozone,9,4,56,108,0,71,17.22,113.03,68
15-Nov-17,PM2.5,9,4,63,42,29,68,17.22,113.03,60
16-Nov-17,PM2.5,8,3,52,47,0,60,17.22,113.03,45
17-Nov-17,PM2.5,6,1,30,36,0,45,17.22,113.03,43
18-Nov-17,Ozone,6,3,42,43,10,38,17.22,113.03,61
19-Nov-17,Ozone,5,1,40,61,0,44,17.22,113.03,48
20-Nov-17,Ozone,5,3,34,48,0,33,17.22,113.03,100
21-Nov-17,Ozone,6,4,35,100,23,54,17.22,113.03,87
22-Nov-17,Ozone,6,3,30,87,0,58,17.22,113.03,101
23-Nov-17,Ozone,7,1,34,101,0,54,17.22,113.03,56
24-Nov-17,PM2.5,7,1,40,45,22,56,17.22,113.03,61
25-Nov-17,Ozone,7,1,43,61,0,59,17.22,113.03,77
26-Nov-17,Ozone,8,3,41,77,0,58,17.22,113.03,50
27-Nov-17,PM2.5,7,1,40,44,21,50,17.22,113.03,45
28-Nov-17,PM2.5,8,1,21,35,0,45,17.22,113.03,35
29-Nov-17,NO2,8,1,35,32,0,25,22.22,88.9,26
30-Nov-17,NO2,10,1,26,24,4,22,22.22,88.9,37
1-Dec-17,Ozone,8,1,24,37,0,36,22.22,88.9,38
2-Dec-17,Ozone,8,4,27,38,0,21,22.22,88.9,50
3-Dec-17,NO2,10,1,50,39,17,40,22.22,88.9,46
4-Dec-17,Ozone,7,1,42,46,0,34,22.22,88.9,49
5-Dec-17,Ozone,7,1,34,49,0,37,22.22,88.9,54
6-Dec-17,Ozone,6,1,48,54,0,40,22.22,88.9,80
7-Dec-17,Ozone,6,1,37,80,0,52,22.22,88.9,93
8-Dec-17,Ozone,6,3,42,93,0,55,22.22,88.9,154
9-Dec-17,Ozone,7,3,39,154,41,90,22.22,88.9,147
10-Dec-17,Ozone,9,1,43,147,0,76,22.22,88.9,93
11-Dec-17,Ozone,7,1,39,93,0,52,22.22,88.9,119
12-Dec-17,Ozone,8,1,50,119,14,79,22.22,88.9,54
13-Dec-17,PM2.5,10,1,42,45,0,54,22.22,88.9,55
14-Dec-17,PM2.5,10,3,40,44,0,55,22.22,88.9,44
15-Dec-17,Ozone,6,4,26,44,16,43,22.22,88.9,41
16-Dec-17,Ozone,7,1,33,41,0,37,22.22,88.9,48
17-Dec-17,Ozone,6,1,30,48,0,46,22.22,88.9,50
18-Dec-17,PM2.5,10,1,33,47,17,50,22.22,88.9,43
19-Dec-17,Ozone,8,1,26,43,0,40,22.22,88.9,84
20-Dec-17,Ozone,5,3,39,84,0,52,22.22,88.9,67
21-Dec-17,PM2.5,6,3,41,67,36,67,22.22,88.9,67
22-Dec-17,Ozone,6,6,29,67,0,52,22.22,88.9,54
23-Dec-17,Ozone,16,3,38,54,0,39,22.22,88.9,105
24-Dec-17,Ozone,15,1,33,105,18,53,22.22,88.9,40
25-Dec-17,Ozone,9,1,25,40,0,31,22.22,88.9,40
26-Dec-17,Ozone,8,1,17,40,0,18,22.22,88.9,44
27-Dec-17,Ozone,8,1,33,44,7,38,22.22,88.9,46
28-Dec-17,PM2.5,9,3,46,46,0,46,22.22,88.9,108
29-Dec-17,Ozone,9,1,41,108,0,69,25.55,114.3,119
30-Dec-17,NO2,13,4,119,47,18,61,25.55,114.3,84
31-Dec-17,Ozone,11,1,34,84,0,48,25.55,114.3,79
1-Jan-18,PM2.5,9,4,26,51,0,79,25.55,114.3,90
2-Jan-18,Ozone,9,3,35,90,19,82,25.55,114.3,80
3-Jan-18,Ozone,9,6,40,80,0,54,25.55,114.3,64
4-Jan-18,Ozone,10,1,30,64,0,59,25.55,114.3,71
5-Jan-18,PM2.5,9,3,43,71,22,71,25.55,114.3,59
6-Jan-18,PM2.5,11,1,33,44,0,59,25.55,114.3,61
7-Jan-18,Ozone,9,1,51,61,0,52,25.55,114.3,105
8-Jan-18,Ozone,9,3,36,105,23,59,25.55,114.3,100
9-Jan-18,Ozone,9,1,26,100,0,55,25.55,114.3,129
10-Jan-18,Ozone,9,4,43,129,0,60,25.55,114.3,57
11-Jan-18,PM2.5,10,1,42,41,17,57,25.55,114.3,63
12-Jan-18,PM2.5,10,1,46,45,0,63,25.55,114.3,61
13-Jan-18,Ozone,9,3,33,61,0,38,25.55,114.3,87
14-Jan-18,Ozone,9,3,33,87,19,38,25.55,114.3,54
15-Jan-18,PM2.5,13,1,34,47,0,54,25.55,114.3,108
16-Jan-18,Ozone,13,3,27,108,0,72,25.55,114.3,126
17-Jan-18,Ozone,8,3,27,126,19,70,25.55,114.3,101
18-Jan-18,Ozone,9,6,35,101,0,60,25.55,114.3,49
19-Jan-18,PM2.5,6,3,38,45,0,49,25.55,114.3,49
20-Jan-18,Ozone,5,1,42,49,17,32,25.55,114.3,87
21-Jan-18,Ozone,8,3,49,87,0,39,25.55,114.3,126
22-Jan-18,Ozone,9,3,34,126,0,52,25.55,114.3,77
23-Jan-18,Ozone,9,3,20,77,17,59,25.55,114.3,80
24-Jan-18,Ozone,10,3,42,80,0,48,25.55,114.3,133
25-Jan-18,Ozone,14,1,46,133,0,58,25.55,114.3,136
26-Jan-18,Ozone,14,3,46,136,27,69,25.55,114.3,64
27-Jan-18,PM2.5,11,1,35,43,0,64,25.55,114.3,74
28-Jan-18,Ozone,10,1,37,74,0,59,25.55,114.3,119
29-Jan-18,Ozone,8,3,27,119,15,54,24.44,104.92,74
30-Jan-18,Ozone,9,3,39,74,0,39,24.44,104.92,93
31-Jan-18,Ozone,9,3,35,93,0,53,24.44,104.92,108
1-Feb-18,Ozone,9,4,43,108,17,55,24.44,104.92,84
2-Feb-18,Ozone,7,1,42,84,0,42,24.44,104.92,49
3-Feb-18,Ozone,6,1,33,49,0,27,24.44,104.92,50
4-Feb-18,Ozone,9,1,31,50,13,36,24.44,104.92,51
5-Feb-18,Ozone,9,1,32,51,0,35,24.44,104.92,51
6-Feb-18,Ozone,9,1,22,51,0,30,24.44,104.92,39
7-Feb-18,Ozone,8,23,30,39,13,34,24.44,104.92,38
8-Feb-18,Ozone,10,14,38,38,0,37,24.44,104.92,48
9-Feb-18,PM2.5,8,1,31,47,0,48,24.44,104.92,50
10-Feb-18,Ozone,7,1,42,50,6,38,24.44,104.92,87
11-Feb-18,Ozone,10,4,49,87,0,44,24.44,104.92,129
12-Feb-18,Ozone,10,4,40,129,0,57,24.44,104.92,129
13-Feb-18,Ozone,11,4,55,129,23,65,24.44,104.92,122
14-Feb-18,Ozone,13,4,48,122,0,69,24.44,104.92,87
15-Feb-18,Ozone,10,3,48,87,0,55,24.44,104.92,47
16-Feb-18,Ozone,10,1,27,47,13,42,24.44,104.92,32
17-Feb-18,PM2.5,10,1,24,31,0,32,24.44,104.92,77
18-Feb-18,Ozone,9,1,70,77,0,45,24.44,104.92,87
19-Feb-18,Ozone,6,1,25,87,10,45,24.44,104.92,74
20-Feb-18,Ozone,9,1,21,74,0,48,24.44,104.92,112
21-Feb-18,Ozone,10,1,45,112,0,52,24.44,104.92,108
22-Feb-18,Ozone,10,1,34,108,18,64,24.44,104.92,61
23-Feb-18,Ozone,6,3,31,61,0,40,24.44,104.92,45
24-Feb-18,Ozone,6,1,26,45,0,39,24.44,104.92,46
25-Feb-18,Ozone,7,1,37,46,15,34,24.44,104.92,105
26-Feb-18,Ozone,10,3,33,105,0,52,24.44,104.92,108
27-Feb-18,Ozone,10,3,47,108,0,58,24.44,104.92,112
28-Feb-18,Ozone,10,4,34,112,24,72,24.44,104.92,136
1-Mar-18,Ozone,11,3,48,136,0,81,20.55,101.092,115
2-Mar-18,Ozone,11,3,52,115,0,83,20.55,101.092,161
3-Mar-18,Ozone,11,3,64,161,42,104,20.55,101.092,76
4-Mar-18,PM2.5,10,1,42,51,0,76,20.55,101.092,64
5-Mar-18,PM2.5,9,1,25,49,0,64,20.55,101.092,90
6-Mar-18,Ozone,8,3,24,90,11,39,20.55,101.092,101
7-Mar-18,Ozone,9,4,32,101,0,58,20.55,101.092,119
8-Mar-18,Ozone,11,4,40,119,0,105,20.55,101.092,50
9-Mar-18,Ozone,11,3,36,50,16,46,20.55,101.092,58
10-Mar-18,PM2.5,9,1,43,31,0,58,20.55,101.092,47
11-Mar-18,NO2,9,3,47,39,0,43,20.55,101.092,42
12-Mar-18,NO2,10,1,42,41,12,38,20.55,101.092,48
13-Mar-18,PM2.5,7,1,14,39,0,48,20.55,101.092,37
14-Mar-18,Ozone,6,3,26,37,0,30,20.55,101.092,74
15-Mar-18,Ozone,9,3,51,74,19,45,20.55,101.092,112
16-Mar-18,Ozone,11,6,60,112,0,55,20.55,101.092,166
17-Mar-18,Ozone,11,6,86,166,0,63,20.55,101.092,147
18-Mar-18,Ozone,11,4,90,147,26,64,20.55,101.092,58
19-Mar-18,Ozone,10,3,29,58,0,48,20.55,101.092,39
20-Mar-18,PM2.5,9,1,22,38,0,39,20.55,101.092,36
21-Mar-18,Ozone,9,3,29,36,14,28,20.55,101.092,34
22-Mar-18,PM2.5,8,3,31,32,0,34,20.55,101.092,47
23-Mar-18,NO2,9,3,47,45,0,36,20.55,101.092,50
24-Mar-18,Ozone,9,4,40,50,16,41,20.55,101.092,47
25-Mar-18,PM2.5,8,3,35,31,0,47,20.55,101.092,36
26-Mar-18,Ozone,8,3,27,36,0,32,20.55,101.092,37
27-Mar-18,PM2.5,7,3,31,34,19,37,20.55,101.092,39
28-Mar-18,PM2.5,10,3,33,34,0,39,20.55,101.092,52
29-Mar-18,PM2.5,11,1,36,30,0,52,20.55,101.092,38
30-Mar-18,PM2.5,9,1,19,26,6,38,20.55,101.092,26
31-Mar-18,PM2.5,6,3,24,23,0,26,20.55,101.092,25
1-Apr-18,NO2,6,3,25,22,0,19,14.44,86.106,24
2-Apr-18,PM2.5,6,3,13,24,6,24,14.44,86.106,31
3-Apr-18,Ozone,6,3,16,31,0,27,14.44,86.106,38
4-Apr-18,NO2,8,3,38,31,0,33,14.44,86.106,37
5-Apr-18,NO2,8,7,37,34,9,35,14.44,86.106,33
6-Apr-18,PM2.5,7,3,32,32,0,33,14.44,86.106,56
7-Apr-18,NO2,9,3,56,32,0,43,14.44,86.106,43
8-Apr-18,PM2.5,10,3,34,43,17,43,14.44,86.106,42
9-Apr-18,PM2.5,8,4,40,31,0,42,14.44,86.106,43
10-Apr-18,PM2.5,9,6,34,39,0,43,14.44,86.106,54
11-Apr-18,PM2.5,10,4,50,45,14,54,14.44,86.106,46
12-Apr-18,PM2.5,10,3,43,38,0,46,14.44,86.106,32
13-Apr-18,PM2.5,8,1,25,26,0,32,14.44,86.106,41
14-Apr-18,NO2,7,3,41,29,12,29,14.44,86.106,43
15-Apr-18,NO2,7,3,43,39,0,32,14.44,86.106,28
16-Apr-18,Ozone,7,1,23,28,0,25,14.44,86.106,30
17-Apr-18,Ozone,5,3,21,30,3,23,14.44,86.106,63
18-Apr-18,NO2,7,59,63,32,0,30,14.44,86.106,44
19-Apr-18,PM2.5,8,41,43,42,0,44,14.44,86.106,62
20-Apr-18,PM2.5,11,6,55,51,34,62,14.44,86.106,66
21-Apr-18,PM2.5,13,4,52,54,0,66,14.44,86.106,38
22-Apr-18,Ozone,9,3,32,38,0,32,14.44,86.106,29
23-Apr-18,Ozone,10,3,24,29,9,28,14.44,86.106,28
24-Apr-18,Ozone,8,1,17,28,0,26,14.44,86.106,51
25-Apr-18,PM2.5,11,6,37,26,0,51,14.44,86.106,40
26-Apr-18,PM2.5,11,6,33,31,15,40,14.44,86.106,33
27-Apr-18,NO2,7,3,33,32,0,25,14.44,86.106,35
28-Apr-18,PM2.5,8,1,31,35,0,35,14.44,86.106,63
29-Apr-18,NO2,5,3,63,29,5,42,14.44,86.106,39
30-Apr-18,PM2.5,10,4,29,29,0,39,14.44,86.106,51
1-May-18,PM2.5,9,3,28,31,0,51,14.44,86.106,62
2-May-18,NO2,14,4,62,31,23,53,8.88,97.028,67
3-May-18,NO2,20,10,67,39,0,62,8.88,97.028,65
4-May-18,PM2.5,17,9,65,42,0,65,8.88,97.028,95
5-May-18,PM2.5,17,4,60,35,23,95,8.88,97.028,55
6-May-18,PM2.5,15,3,27,29,0,55,8.88,97.028,44
7-May-18,PM2.5,10,3,32,30,0,44,8.88,97.028,40
8-May-18,PM2.5,13,3,34,31,7,40,8.88,97.028,74
9-May-18,NO2,20,10,74,30,0,54,8.88,97.028,52
10-May-18,PM2.5,14,11,50,29,0,52,8.88,97.028,41
11-May-18,NO2,8,3,41,31,5,33,8.88,97.028,33
12-May-18,NO2,10,6,33,27,0,30,8.88,97.028,31
13-May-18,Ozone,8,1,26,31,0,24,8.88,97.028,31
14-May-18,Ozone,6,3,22,31,6,28,8.88,97.028,37
15-May-18,NO2,8,6,37,32,0,36,8.88,97.028,53
16-May-18,PM2.5,11,10,52,41,0,53,8.88,97.028,51
17-May-18,PM2.5,10,4,35,26,13,51,8.88,97.028,42
18-May-18,NO2,10,3,42,31,0,30,8.88,97.028,31
19-May-18,Ozone,9,3,27,31,0,28,8.88,97.028,34
20-May-18,Ozone,8,3,33,34,9,31,8.88,97.028,38
21-May-18,PM2.5,13,6,37,31,0,38,8.88,97.028,33
22-May-18,PM2.5,11,13,30,32,0,33,8.88,97.028,37
23-May-18,PM2.5,6,3,36,32,3,37,8.88,97.028,52
24-May-18,PM2.5,11,9,44,27,0,52,8.88,97.028,67
25-May-18,PM2.5,14,10,62,28,0,67,8.88,97.028,65
26-May-18,PM2.5,19,7,48,31,22,65,8.88,97.028,61
27-May-18,NO2,18,3,61,35,0,52,8.88,97.028,40
28-May-18,PM2.5,10,3,31,25,0,40,8.88,97.028,41
29-May-18,PM2.5,8,3,30,30,4,41,8.88,97.028,62
30-May-18,PM2.5,8,3,39,25,0,62,8.88,97.028,41
31-May-18,NO2,10,1,41,30,0,39,8.88,97.028,62
1-Jun-18,PM2.5,18,6,46,14,18,62,8.88,97.028,39
2-Jun-18,PM2.5,13,3,25,28,0,39,3.33,90.93,44
3-Jun-18,PM2.5,8,3,36,28,0,44,3.33,90.93,59
4-Jun-18,PM2.5,14,6,38,25,13,59,3.33,90.93,79
5-Jun-18,PM2.5,23,16,40,20,0,79,3.33,90.93,89
6-Jun-18,PM2.5,14,9,49,26,0,89,3.33,90.93,60
7-Jun-18,PM2.5,13,6,51,23,22,60,3.33,90.93,87
8-Jun-18,PM2.5,22,9,51,33,0,87,3.33,90.93,68
9-Jun-18,PM2.5,13,3,46,32,0,68,3.33,90.93,85
10-Jun-18,PM2.5,14,4,46,30,31,85,3.33,90.93,96
11-Jun-18,PM2.5,17,21,49,29,0,96,3.33,90.93,91
12-Jun-18,PM2.5,18,6,52,21,0,91,3.33,90.93,61
13-Jun-18,PM2.5,14,7,34,31,30,61,3.33,90.93,34
14-Jun-18,Ozone,8,3,26,34,0,27,3.33,90.93,36
15-Jun-18,PM2.5,11,3,25,28,0,36,3.33,90.93,38
16-Jun-18,PM2.5,14,3,36,26,14,38,3.33,90.93,42
17-Jun-18,PM2.5,11,3,41,27,0,42,3.33,90.93,38
18-Jun-18,PM2.5,7,1,25,32,0,38,3.33,90.93,45
19-Jun-18,PM2.5,10,3,31,32,7,45,3.33,90.93,48
20-Jun-18,PM2.5,13,4,41,31,0,48,3.33,90.93,55
21-Jun-18,PM2.5,14,13,38,28,0,55,3.33,90.93,64
22-Jun-18,PM2.5,14,14,49,25,17,64,3.33,90.93,52
23-Jun-18,PM2.5,13,4,36,24,0,52,3.33,90.93,62
24-Jun-18,PM2.5,13,6,33,32,0,62,3.33,90.93,38
25-Jun-18,PM2.5,13,6,24,32,7,38,3.33,90.93,43
26-Jun-18,PM2.5,9,3,28,28,0,43,3.33,90.93,35
27-Jun-18,PM2.5,7,3,27,31,0,35,3.33,90.93,41
28-Jun-18,NO2,8,1,41,31,6,37,3.33,90.93,66
29-Jun-18,PM2.5,15,1,41,19,0,66,3.33,90.93,40
